StoreID,StoreName,Region,StoreType,invoice_year,invoice_month,month_start,monthly_revenue,regional_median_revenue,vs_regional_median_pct,peer_median_revenue,vs_peer_median_pct,return_rate
S030,Columbus Express,Midwest,Express,2024,1,2024-01-01,3740.48,11286.19,-66.9,3740.48,0.0,0.062
S030,Columbus Express,Midwest,Express,2024,2,2024-02-01,5102.15,11793.81,-56.7,5102.15,0.0,0.0688
S030,Columbus Express,Midwest,Express,2024,3,2024-03-01,6791.77,15222.9,-55.4,6791.77,0.0,0.0498
S030,Columbus Express,Midwest,Express,2024,4,2024-04-01,7291.49,14438.4,-49.5,7291.49,0.0,0.0855
S030,Columbus Express,Midwest,Express,2024,5,2024-05-01,7517.71,17459.18,-56.9,7517.71,0.0,0.0814
S030,Columbus Express,Midwest,Express,2024,6,2024-06-01,8462.14,16355.23,-48.3,8462.14,0.0,0.0459
S030,Columbus Express,Midwest,Express,2024,7,2024-07-01,6136.01,14305.71,-57.1,6136.01,0.0,0.0605
S030,Columbus Express,Midwest,Express,2024,8,2024-08-01,8075.57,15771.24,-48.8,8075.57,0.0,0.0644
S030,Columbus Express,Midwest,Express,2024,9,2024-09-01,7346.41,14026.54,-47.6,7346.41,0.0,0.063
S030,Columbus Express,Midwest,Express,2024,10,2024-10-01,8787.04,15579.21,-43.6,8787.04,0.0,0.0645
S030,Columbus Express,Midwest,Express,2024,11,2024-11-01,8299.48,17073.81,-51.4,8299.48,0.0,0.0678
S030,Columbus Express,Midwest,Express,2024,12,2024-12-01,13804.61,21501.05,-35.8,13804.61,0.0,0.0697
S030,Columbus Express,Midwest,Express,2025,1,2025-01-01,8082.25,12809.7,-36.9,8082.25,0.0,0.069
S030,Columbus Express,Midwest,Express,2025,2,2025-02-01,7693.59,11927.62,-35.5,7693.59,0.0,0.0562
S030,Columbus Express,Midwest,Express,2025,3,2025-03-01,7248.42,15503.04,-53.2,7248.42,0.0,0.0495
S030,Columbus Express,Midwest,Express,2025,4,2025-04-01,7550.56,13786.74,-45.2,7550.56,0.0,0.072
S030,Columbus Express,Midwest,Express,2025,5,2025-05-01,8641.97,18607.77,-53.6,8641.97,0.0,0.104
S030,Columbus Express,Midwest,Express,2025,6,2025-06-01,10370.98,15139.06,-31.5,10370.98,0.0,0.0621
S030,Columbus Express,Midwest,Express,2025,7,2025-07-01,9876.22,15710.65,-37.1,9876.22,0.0,0.045
S030,Columbus Express,Midwest,Express,2025,8,2025-08-01,8429.57,16170.35,-47.9,8429.57,0.0,0.0574
S030,Columbus Express,Midwest,Express,2025,9,2025-09-01,5326.77,14265.24,-62.7,5326.77,0.0,0.0889
S030,Columbus Express,Midwest,Express,2025,10,2025-10-01,9349.45,18253.78,-48.8,9349.45,0.0,0.0722
S030,Columbus Express,Midwest,Express,2025,11,2025-11-01,10587.62,18498.95,-42.8,10587.62,0.0,0.0602
S030,Columbus Express,Midwest,Express,2025,12,2025-12-01,8821.76,21644.97,-59.2,8821.76,0.0,0.0839
S027,Chicago Flagship,Midwest,Flagship,2024,1,2024-01-01,36042.26,11286.19,219.3,36042.26,0.0,0.0688
S027,Chicago Flagship,Midwest,Flagship,2024,2,2024-02-01,38951.44,11793.81,230.3,38951.44,0.0,0.0631
S027,Chicago Flagship,Midwest,Flagship,2024,3,2024-03-01,50258.24,15222.9,230.1,50258.24,0.0,0.0721
S027,Chicago Flagship,Midwest,Flagship,2024,4,2024-04-01,51931.07,14438.4,259.7,51931.07,0.0,0.065
S027,Chicago Flagship,Midwest,Flagship,2024,5,2024-05-01,52193.85,17459.18,198.9,52193.85,0.0,0.0757
S027,Chicago Flagship,Midwest,Flagship,2024,6,2024-06-01,48403.1,16355.23,195.9,48403.1,0.0,0.0651
S027,Chicago Flagship,Midwest,Flagship,2024,7,2024-07-01,46364.06,14305.71,224.1,46364.06,0.0,0.0736
S027,Chicago Flagship,Midwest,Flagship,2024,8,2024-08-01,51463.46,15771.24,226.3,51463.46,0.0,0.0739
S027,Chicago Flagship,Midwest,Flagship,2024,9,2024-09-01,49819.56,14026.54,255.2,49819.56,0.0,0.0726
S027,Chicago Flagship,Midwest,Flagship,2024,10,2024-10-01,48124.16,15579.21,208.9,48124.16,0.0,0.0681
S027,Chicago Flagship,Midwest,Flagship,2024,11,2024-11-01,63950.78,17073.81,274.6,63950.78,0.0,0.0762
S027,Chicago Flagship,Midwest,Flagship,2024,12,2024-12-01,69993.32,21501.05,225.5,69993.32,0.0,0.0749
S027,Chicago Flagship,Midwest,Flagship,2025,1,2025-01-01,37006.77,12809.7,188.9,37006.77,0.0,0.0722
S027,Chicago Flagship,Midwest,Flagship,2025,2,2025-02-01,40178.65,11927.62,236.9,40178.65,0.0,0.085
S027,Chicago Flagship,Midwest,Flagship,2025,3,2025-03-01,48195.97,15503.04,210.9,48195.97,0.0,0.0755
S027,Chicago Flagship,Midwest,Flagship,2025,4,2025-04-01,50318.94,13786.74,265.0,50318.94,0.0,0.0689
S027,Chicago Flagship,Midwest,Flagship,2025,5,2025-05-01,57088.46,18607.77,206.8,57088.46,0.0,0.076
S027,Chicago Flagship,Midwest,Flagship,2025,6,2025-06-01,46950.58,15139.06,210.1,46950.58,0.0,0.0725
S027,Chicago Flagship,Midwest,Flagship,2025,7,2025-07-01,47860.18,15710.65,204.6,47860.18,0.0,0.0759
S027,Chicago Flagship,Midwest,Flagship,2025,8,2025-08-01,51307.65,16170.35,217.3,51307.65,0.0,0.0875
S027,Chicago Flagship,Midwest,Flagship,2025,9,2025-09-01,45792.07,14265.24,221.0,45792.07,0.0,0.085
S027,Chicago Flagship,Midwest,Flagship,2025,10,2025-10-01,57226.29,18253.78,213.5,57226.29,0.0,0.0673
S027,Chicago Flagship,Midwest,Flagship,2025,11,2025-11-01,61872.78,18498.95,234.5,61872.78,0.0,0.0698
S027,Chicago Flagship,Midwest,Flagship,2025,12,2025-12-01,67367.24,21644.97,211.2,67367.24,0.0,0.0642
S029,Minneapolis Outlet,Midwest,Outlet,2024,1,2024-01-01,11286.19,11286.19,0.0,11286.19,0.0,0.0588
S035,Minneapolis Outlet 2,Midwest,Outlet,2024,1,2024-01-01,11581.22,11286.19,2.6,11286.19,2.6,0.0522
S034,Detroit Outlet 2,Midwest,Outlet,2024,1,2024-01-01,10165.81,11286.19,-9.9,11286.19,-9.9,0.0758
S038,St. Louis Outlet 2,Midwest,Outlet,2024,1,2024-01-01,13153.19,11286.19,16.5,11286.19,16.5,0.0701
S029,Minneapolis Outlet,Midwest,Outlet,2024,2,2024-02-01,11793.81,11793.81,0.0,11620.43,1.5,0.0761
S038,St. Louis Outlet 2,Midwest,Outlet,2024,2,2024-02-01,14242.34,11793.81,20.8,11620.43,22.6,0.0923
S034,Detroit Outlet 2,Midwest,Outlet,2024,2,2024-02-01,11620.43,11793.81,-1.5,11620.43,0.0,0.0522
S035,Minneapolis Outlet 2,Midwest,Outlet,2024,2,2024-02-01,10474.03,11793.81,-11.2,11620.43,-9.9,0.0693
S029,Minneapolis Outlet,Midwest,Outlet,2024,3,2024-03-01,16156.86,15222.9,6.1,12559.2,28.6,0.0532
S038,St. Louis Outlet 2,Midwest,Outlet,2024,3,2024-03-01,19365.79,15222.9,27.2,12559.2,54.2,0.0685
S035,Minneapolis Outlet 2,Midwest,Outlet,2024,3,2024-03-01,12396.91,15222.9,-18.6,12559.2,-1.3,0.0553
S034,Detroit Outlet 2,Midwest,Outlet,2024,3,2024-03-01,12559.2,15222.9,-17.5,12559.2,0.0,0.0607
S038,St. Louis Outlet 2,Midwest,Outlet,2024,4,2024-04-01,18495.74,14438.4,28.1,12903.92,43.3,0.0532
S035,Minneapolis Outlet 2,Midwest,Outlet,2024,4,2024-04-01,11992.16,14438.4,-16.9,12903.92,-7.1,0.0613
S029,Minneapolis Outlet,Midwest,Outlet,2024,4,2024-04-01,14438.4,14438.4,0.0,12903.92,11.9,0.0828
S034,Detroit Outlet 2,Midwest,Outlet,2024,4,2024-04-01,12903.92,14438.4,-10.6,12903.92,0.0,0.0789
S038,St. Louis Outlet 2,Midwest,Outlet,2024,5,2024-05-01,18920.55,17459.18,8.4,14606.88,29.5,0.0693
S029,Minneapolis Outlet,Midwest,Outlet,2024,5,2024-05-01,12817.59,17459.18,-26.6,14606.88,-12.2,0.041
S035,Minneapolis Outlet 2,Midwest,Outlet,2024,5,2024-05-01,14606.88,17459.18,-16.3,14606.88,0.0,0.0711
S034,Detroit Outlet 2,Midwest,Outlet,2024,5,2024-05-01,18024.32,17459.18,3.2,14606.88,23.4,0.0718
S035,Minneapolis Outlet 2,Midwest,Outlet,2024,6,2024-06-01,16355.23,16355.23,0.0,16355.23,0.0,0.0567
S038,St. Louis Outlet 2,Midwest,Outlet,2024,6,2024-06-01,17721.35,16355.23,8.4,16355.23,8.4,0.0796
S029,Minneapolis Outlet,Midwest,Outlet,2024,6,2024-06-01,17637.88,16355.23,7.8,16355.23,7.8,0.0769
S034,Detroit Outlet 2,Midwest,Outlet,2024,6,2024-06-01,13828.09,16355.23,-15.5,16355.23,-15.5,0.0701
S029,Minneapolis Outlet,Midwest,Outlet,2024,7,2024-07-01,13008.1,14305.71,-9.1,13008.1,0.0,0.0653
S034,Detroit Outlet 2,Midwest,Outlet,2024,7,2024-07-01,12859.74,14305.71,-10.1,13008.1,-1.1,0.0845
S035,Minneapolis Outlet 2,Midwest,Outlet,2024,7,2024-07-01,14305.71,14305.71,0.0,13008.1,10.0,0.0658
S038,St. Louis Outlet 2,Midwest,Outlet,2024,7,2024-07-01,14126.92,14305.71,-1.2,13008.1,8.6,0.0744
S029,Minneapolis Outlet,Midwest,Outlet,2024,8,2024-08-01,13935.52,15771.24,-11.6,13935.52,0.0,0.06
S035,Minneapolis Outlet 2,Midwest,Outlet,2024,8,2024-08-01,15771.24,15771.24,0.0,13935.52,13.2,0.0901
S038,St. Louis Outlet 2,Midwest,Outlet,2024,8,2024-08-01,18964.79,15771.24,20.2,13935.52,36.1,0.0619
S034,Detroit Outlet 2,Midwest,Outlet,2024,8,2024-08-01,13896.76,15771.24,-11.9,13935.52,-0.3,0.0717
S035,Minneapolis Outlet 2,Midwest,Outlet,2024,9,2024-09-01,14026.54,14026.54,0.0,13218.88,6.1,0.0397
S029,Minneapolis Outlet,Midwest,Outlet,2024,9,2024-09-01,13218.88,14026.54,-5.8,13218.88,0.0,0.0558
S034,Detroit Outlet 2,Midwest,Outlet,2024,9,2024-09-01,12037.97,14026.54,-14.2,13218.88,-8.9,0.0693
S038,St. Louis Outlet 2,Midwest,Outlet,2024,9,2024-09-01,14804.9,14026.54,5.5,13218.88,12.0,0.0706
S038,St. Louis Outlet 2,Midwest,Outlet,2024,10,2024-10-01,15422.54,15579.21,-1.0,15422.54,0.0,0.0647
S029,Minneapolis Outlet,Midwest,Outlet,2024,10,2024-10-01,15579.21,15579.21,0.0,15422.54,1.0,0.0691
S034,Detroit Outlet 2,Midwest,Outlet,2024,10,2024-10-01,19180.58,15579.21,23.1,15422.54,24.4,0.0717
S035,Minneapolis Outlet 2,Midwest,Outlet,2024,10,2024-10-01,13484.13,15579.21,-13.4,15422.54,-12.6,0.0655
S035,Minneapolis Outlet 2,Midwest,Outlet,2024,11,2024-11-01,14920.44,17073.81,-12.6,17073.81,-12.6,0.0859
S029,Minneapolis Outlet,Midwest,Outlet,2024,11,2024-11-01,18131.72,17073.81,6.2,17073.81,6.2,0.0728
S038,St. Louis Outlet 2,Midwest,Outlet,2024,11,2024-11-01,18839.59,17073.81,10.3,17073.81,10.3,0.0649
S034,Detroit Outlet 2,Midwest,Outlet,2024,11,2024-11-01,17073.81,17073.81,0.0,17073.81,0.0,0.0609
S038,St. Louis Outlet 2,Midwest,Outlet,2024,12,2024-12-01,21782.98,21501.05,1.3,21501.05,1.3,0.0716
S035,Minneapolis Outlet 2,Midwest,Outlet,2024,12,2024-12-01,20549.07,21501.05,-4.4,21501.05,-4.4,0.0841
S029,Minneapolis Outlet,Midwest,Outlet,2024,12,2024-12-01,21501.05,21501.05,0.0,21501.05,0.0,0.0655
S034,Detroit Outlet 2,Midwest,Outlet,2024,12,2024-12-01,23607.16,21501.05,9.8,21501.05,9.8,0.0775
S029,Minneapolis Outlet,Midwest,Outlet,2025,1,2025-01-01,13916.98,12809.7,8.6,12809.7,8.6,0.0573
S035,Minneapolis Outlet 2,Midwest,Outlet,2025,1,2025-01-01,10099.5,12809.7,-21.2,12809.7,-21.2,0.0528
S034,Detroit Outlet 2,Midwest,Outlet,2025,1,2025-01-01,12809.7,12809.7,0.0,12809.7,0.0,0.0641
S038,St. Louis Outlet 2,Midwest,Outlet,2025,1,2025-01-01,13281.06,12809.7,3.7,12809.7,3.7,0.0578
S034,Detroit Outlet 2,Midwest,Outlet,2025,2,2025-02-01,12081.04,11927.62,1.3,11927.62,1.3,0.0638
S038,St. Louis Outlet 2,Midwest,Outlet,2025,2,2025-02-01,14437.23,11927.62,21.0,11927.62,21.0,0.0535
S029,Minneapolis Outlet,Midwest,Outlet,2025,2,2025-02-01,10261.5,11927.62,-14.0,11927.62,-14.0,0.0453
S035,Minneapolis Outlet 2,Midwest,Outlet,2025,2,2025-02-01,11927.62,11927.62,0.0,11927.62,0.0,0.063
S035,Minneapolis Outlet 2,Midwest,Outlet,2025,3,2025-03-01,12493.0,15503.04,-19.4,15076.6,-17.1,0.0816
S038,St. Louis Outlet 2,Midwest,Outlet,2025,3,2025-03-01,15076.6,15503.04,-2.8,15076.6,0.0,0.0835
S029,Minneapolis Outlet,Midwest,Outlet,2025,3,2025-03-01,16407.57,15503.04,5.8,15076.6,8.8,0.0885
S034,Detroit Outlet 2,Midwest,Outlet,2025,3,2025-03-01,17961.89,15503.04,15.9,15076.6,19.1,0.0673
S035,Minneapolis Outlet 2,Midwest,Outlet,2025,4,2025-04-01,13786.74,13786.74,0.0,13397.83,2.9,0.08
S029,Minneapolis Outlet,Midwest,Outlet,2025,4,2025-04-01,13397.83,13786.74,-2.8,13397.83,0.0,0.0608
S034,Detroit Outlet 2,Midwest,Outlet,2025,4,2025-04-01,15694.78,13786.74,13.8,13397.83,17.1,0.0665
S038,St. Louis Outlet 2,Midwest,Outlet,2025,4,2025-04-01,13239.39,13786.74,-4.0,13397.83,-1.2,0.0673
S029,Minneapolis Outlet,Midwest,Outlet,2025,5,2025-05-01,15099.9,18607.77,-18.9,15099.9,0.0,0.0518
S038,St. Louis Outlet 2,Midwest,Outlet,2025,5,2025-05-01,18607.77,18607.77,0.0,15099.9,23.2,0.0866
S035,Minneapolis Outlet 2,Midwest,Outlet,2025,5,2025-05-01,14585.18,18607.77,-21.6,15099.9,-3.4,0.0539
S034,Detroit Outlet 2,Midwest,Outlet,2025,5,2025-05-01,18957.88,18607.77,1.9,15099.9,25.5,0.0809
S034,Detroit Outlet 2,Midwest,Outlet,2025,6,2025-06-01,12750.33,15139.06,-15.8,14591.06,-12.6,0.0545
S038,St. Louis Outlet 2,Midwest,Outlet,2025,6,2025-06-01,18626.99,15139.06,23.0,14591.06,27.7,0.0494
S029,Minneapolis Outlet,Midwest,Outlet,2025,6,2025-06-01,15139.06,15139.06,0.0,14591.06,3.8,0.0589
S035,Minneapolis Outlet 2,Midwest,Outlet,2025,6,2025-06-01,14591.06,15139.06,-3.6,14591.06,0.0,0.0859
S034,Detroit Outlet 2,Midwest,Outlet,2025,7,2025-07-01,14311.93,15710.65,-8.9,14973.29,-4.4,0.0911
S038,St. Louis Outlet 2,Midwest,Outlet,2025,7,2025-07-01,14973.29,15710.65,-4.7,14973.29,0.0,0.0769
S029,Minneapolis Outlet,Midwest,Outlet,2025,7,2025-07-01,18442.57,15710.65,17.4,14973.29,23.2,0.0817
S035,Minneapolis Outlet 2,Midwest,Outlet,2025,7,2025-07-01,15710.65,15710.65,0.0,14973.29,4.9,0.0717
S035,Minneapolis Outlet 2,Midwest,Outlet,2025,8,2025-08-01,13862.96,16170.35,-14.3,13862.96,0.0,0.0448
S034,Detroit Outlet 2,Midwest,Outlet,2025,8,2025-08-01,12827.17,16170.35,-20.7,13862.96,-7.5,0.0803
S038,St. Louis Outlet 2,Midwest,Outlet,2025,8,2025-08-01,16198.08,16170.35,0.2,13862.96,16.8,0.0832
S029,Minneapolis Outlet,Midwest,Outlet,2025,8,2025-08-01,16843.98,16170.35,4.2,13862.96,21.5,0.0714
S029,Minneapolis Outlet,Midwest,Outlet,2025,9,2025-09-01,10855.42,14265.24,-23.9,13358.67,-18.7,0.0718
S034,Detroit Outlet 2,Midwest,Outlet,2025,9,2025-09-01,14335.71,14265.24,0.5,13358.67,7.3,0.07
S035,Minneapolis Outlet 2,Midwest,Outlet,2025,9,2025-09-01,13358.67,14265.24,-6.4,13358.67,0.0,0.0514
S038,St. Louis Outlet 2,Midwest,Outlet,2025,9,2025-09-01,21289.27,14265.24,49.2,13358.67,59.4,0.0771
S035,Minneapolis Outlet 2,Midwest,Outlet,2025,10,2025-10-01,19135.34,18253.78,4.8,17877.53,7.0,0.0686
S029,Minneapolis Outlet,Midwest,Outlet,2025,10,2025-10-01,17877.53,18253.78,-2.1,17877.53,0.0,0.0753
S034,Detroit Outlet 2,Midwest,Outlet,2025,10,2025-10-01,17251.33,18253.78,-5.5,17877.53,-3.5,0.0685
S038,St. Louis Outlet 2,Midwest,Outlet,2025,10,2025-10-01,18526.17,18253.78,1.5,17877.53,3.6,0.0789
S035,Minneapolis Outlet 2,Midwest,Outlet,2025,11,2025-11-01,19714.74,18498.95,6.6,18217.79,8.2,0.0851
S038,St. Louis Outlet 2,Midwest,Outlet,2025,11,2025-11-01,19432.64,18498.95,5.0,18217.79,6.7,0.0642
S034,Detroit Outlet 2,Midwest,Outlet,2025,11,2025-11-01,18217.79,18498.95,-1.5,18217.79,0.0,0.0612
S029,Minneapolis Outlet,Midwest,Outlet,2025,11,2025-11-01,17913.82,18498.95,-3.2,18217.79,-1.7,0.0706
S035,Minneapolis Outlet 2,Midwest,Outlet,2025,12,2025-12-01,23589.08,21644.97,9.0,21634.81,9.0,0.0785
S029,Minneapolis Outlet,Midwest,Outlet,2025,12,2025-12-01,21634.81,21644.97,0.0,21634.81,0.0,0.073
S038,St. Louis Outlet 2,Midwest,Outlet,2025,12,2025-12-01,20875.17,21644.97,-3.6,21634.81,-3.5,0.0862
S034,Detroit Outlet 2,Midwest,Outlet,2025,12,2025-12-01,23341.91,21644.97,7.8,21634.81,7.9,0.0668
S036,Columbus Standard 2,Midwest,Standard,2024,1,2024-01-01,8961.97,11286.19,-20.6,10816.0,-17.1,0.0962
S032,St. Louis Standard,Midwest,Standard,2024,1,2024-01-01,15822.14,11286.19,40.2,10816.0,46.3,0.0995
S031,Milwaukee Standard,Midwest,Standard,2024,1,2024-01-01,12012.3,11286.19,6.4,10816.0,11.1,0.0603
S028,Detroit Standard,Midwest,Standard,2024,1,2024-01-01,6587.13,11286.19,-41.6,10816.0,-39.1,0.047
S037,Milwaukee Standard 2,Midwest,Standard,2024,1,2024-01-01,11801.02,11286.19,4.6,10816.0,9.1,0.0672
S033,Chicago Standard 2,Midwest,Standard,2024,1,2024-01-01,10816.0,11286.19,-4.2,10816.0,0.0,0.0746
S036,Columbus Standard 2,Midwest,Standard,2024,2,2024-02-01,14183.75,11793.81,20.3,11950.86,18.7,0.0452
S037,Milwaukee Standard 2,Midwest,Standard,2024,2,2024-02-01,10153.95,11793.81,-13.9,11950.86,-15.0,0.075
S031,Milwaukee Standard,Midwest,Standard,2024,2,2024-02-01,15774.28,11793.81,33.8,11950.86,32.0,0.0573
S033,Chicago Standard 2,Midwest,Standard,2024,2,2024-02-01,12128.9,11793.81,2.8,11950.86,1.5,0.073
S028,Detroit Standard,Midwest,Standard,2024,2,2024-02-01,7075.17,11793.81,-40.0,11950.86,-40.8,0.0586
S032,St. Louis Standard,Midwest,Standard,2024,2,2024-02-01,11950.86,11793.81,1.3,11950.86,0.0,0.0777
S028,Detroit Standard,Midwest,Standard,2024,3,2024-03-01,9197.58,15222.9,-39.6,15222.9,-39.6,0.0578
S031,Milwaukee Standard,Midwest,Standard,2024,3,2024-03-01,19122.26,15222.9,25.6,15222.9,25.6,0.0719
S033,Chicago Standard 2,Midwest,Standard,2024,3,2024-03-01,18096.7,15222.9,18.9,15222.9,18.9,0.0643
S036,Columbus Standard 2,Midwest,Standard,2024,3,2024-03-01,15169.91,15222.9,-0.3,15222.9,-0.3,0.0854
S032,St. Louis Standard,Midwest,Standard,2024,3,2024-03-01,21857.03,15222.9,43.6,15222.9,43.6,0.0829
S037,Milwaukee Standard 2,Midwest,Standard,2024,3,2024-03-01,15222.9,15222.9,0.0,15222.9,0.0,0.0976
S036,Columbus Standard 2,Midwest,Standard,2024,4,2024-04-01,15436.24,14438.4,6.9,15436.24,0.0,0.0755
S032,St. Louis Standard,Midwest,Standard,2024,4,2024-04-01,16802.81,14438.4,16.4,15436.24,8.9,0.0741
S033,Chicago Standard 2,Midwest,Standard,2024,4,2024-04-01,13267.11,14438.4,-8.1,15436.24,-14.1,0.0962
S028,Detroit Standard,Midwest,Standard,2024,4,2024-04-01,6028.14,14438.4,-58.2,15436.24,-60.9,0.0571
S031,Milwaukee Standard,Midwest,Standard,2024,4,2024-04-01,16140.59,14438.4,11.8,15436.24,4.6,0.0497
S037,Milwaukee Standard 2,Midwest,Standard,2024,4,2024-04-01,15639.78,14438.4,8.3,15436.24,1.3,0.0744
S037,Milwaukee Standard 2,Midwest,Standard,2024,5,2024-05-01,17459.18,17459.18,0.0,17459.18,0.0,0.0474
S031,Milwaukee Standard,Midwest,Standard,2024,5,2024-05-01,20081.83,17459.18,15.0,17459.18,15.0,0.0733
S032,St. Louis Standard,Midwest,Standard,2024,5,2024-05-01,21262.12,17459.18,21.8,17459.18,21.8,0.0734
S036,Columbus Standard 2,Midwest,Standard,2024,5,2024-05-01,18371.15,17459.18,5.2,17459.18,5.2,0.0906
S033,Chicago Standard 2,Midwest,Standard,2024,5,2024-05-01,17102.64,17459.18,-2.0,17459.18,-2.0,0.0567
S028,Detroit Standard,Midwest,Standard,2024,5,2024-05-01,8412.73,17459.18,-51.8,17459.18,-51.8,0.0717
S037,Milwaukee Standard 2,Midwest,Standard,2024,6,2024-06-01,17475.33,16355.23,6.8,14338.93,21.9,0.0553
S031,Milwaukee Standard,Midwest,Standard,2024,6,2024-06-01,18289.79,16355.23,11.8,14338.93,27.6,0.0725
S036,Columbus Standard 2,Midwest,Standard,2024,6,2024-06-01,12548.84,16355.23,-23.3,14338.93,-12.5,0.0687
S033,Chicago Standard 2,Midwest,Standard,2024,6,2024-06-01,14338.93,16355.23,-12.3,14338.93,0.0,0.0633
S032,St. Louis Standard,Midwest,Standard,2024,6,2024-06-01,21395.63,16355.23,30.8,14338.93,49.2,0.0661
S028,Detroit Standard,Midwest,Standard,2024,6,2024-06-01,7231.95,16355.23,-55.8,14338.93,-49.6,0.0381
S033,Chicago Standard 2,Midwest,Standard,2024,7,2024-07-01,16387.73,14305.71,14.6,15814.84,3.6,0.0692
S032,St. Louis Standard,Midwest,Standard,2024,7,2024-07-01,20438.49,14305.71,42.9,15814.84,29.2,0.0704
S036,Columbus Standard 2,Midwest,Standard,2024,7,2024-07-01,15814.84,14305.71,10.5,15814.84,0.0,0.06
S028,Detroit Standard,Midwest,Standard,2024,7,2024-07-01,6608.37,14305.71,-53.8,15814.84,-58.2,0.0653
S031,Milwaukee Standard,Midwest,Standard,2024,7,2024-07-01,18913.99,14305.71,32.2,15814.84,19.6,0.0819
S037,Milwaukee Standard 2,Midwest,Standard,2024,7,2024-07-01,15709.35,14305.71,9.8,15814.84,-0.7,0.0647
S036,Columbus Standard 2,Midwest,Standard,2024,8,2024-08-01,15289.04,15771.24,-3.1,15921.19,-4.0,0.0707
S033,Chicago Standard 2,Midwest,Standard,2024,8,2024-08-01,18322.32,15771.24,16.2,15921.19,15.1,0.0737
S031,Milwaukee Standard,Midwest,Standard,2024,8,2024-08-01,15921.19,15771.24,1.0,15921.19,0.0,0.0793
S032,St. Louis Standard,Midwest,Standard,2024,8,2024-08-01,20149.5,15771.24,27.8,15921.19,26.6,0.0997
S028,Detroit Standard,Midwest,Standard,2024,8,2024-08-01,8450.42,15771.24,-46.4,15921.19,-46.9,0.0767
S037,Milwaukee Standard 2,Midwest,Standard,2024,8,2024-08-01,19528.14,15771.24,23.8,15921.19,22.7,0.0664
S036,Columbus Standard 2,Midwest,Standard,2024,9,2024-09-01,16074.87,14026.54,14.6,16074.87,0.0,0.0691
S032,St. Louis Standard,Midwest,Standard,2024,9,2024-09-01,16311.79,14026.54,16.3,16074.87,1.5,0.0671
S028,Detroit Standard,Midwest,Standard,2024,9,2024-09-01,8388.31,14026.54,-40.2,16074.87,-47.8,0.0745
S037,Milwaukee Standard 2,Midwest,Standard,2024,9,2024-09-01,16137.59,14026.54,15.1,16074.87,0.4,0.0719
S033,Chicago Standard 2,Midwest,Standard,2024,9,2024-09-01,11479.58,14026.54,-18.2,16074.87,-28.6,0.0576
S031,Milwaukee Standard,Midwest,Standard,2024,9,2024-09-01,17440.13,14026.54,24.3,16074.87,8.5,0.0725
S031,Milwaukee Standard,Midwest,Standard,2024,10,2024-10-01,19419.23,15579.21,24.6,17009.95,14.2,0.0853
S028,Detroit Standard,Midwest,Standard,2024,10,2024-10-01,10777.53,15579.21,-30.8,17009.95,-36.6,0.085
S032,St. Louis Standard,Midwest,Standard,2024,10,2024-10-01,21218.94,15579.21,36.2,17009.95,24.7,0.0725
S033,Chicago Standard 2,Midwest,Standard,2024,10,2024-10-01,17009.95,15579.21,9.2,17009.95,0.0,0.06
S037,Milwaukee Standard 2,Midwest,Standard,2024,10,2024-10-01,18068.15,15579.21,16.0,17009.95,6.2,0.0654
S036,Columbus Standard 2,Midwest,Standard,2024,10,2024-10-01,14612.64,15579.21,-6.2,17009.95,-14.1,0.0549
S032,St. Louis Standard,Midwest,Standard,2024,11,2024-11-01,23774.23,17073.81,39.2,15434.73,54.0,0.0886
S036,Columbus Standard 2,Midwest,Standard,2024,11,2024-11-01,15431.06,17073.81,-9.6,15434.73,0.0,0.0759
S037,Milwaukee Standard 2,Midwest,Standard,2024,11,2024-11-01,19592.29,17073.81,14.8,15434.73,26.9,0.0752
S033,Chicago Standard 2,Midwest,Standard,2024,11,2024-11-01,15434.73,17073.81,-9.6,15434.73,0.0,0.0813
S031,Milwaukee Standard,Midwest,Standard,2024,11,2024-11-01,19291.77,17073.81,13.0,15434.73,25.0,0.0699
S028,Detroit Standard,Midwest,Standard,2024,11,2024-11-01,9225.04,17073.81,-46.0,15434.73,-40.2,0.0473
S036,Columbus Standard 2,Midwest,Standard,2024,12,2024-12-01,17790.26,21501.05,-17.3,21243.96,-16.3,0.0758
S033,Chicago Standard 2,Midwest,Standard,2024,12,2024-12-01,23406.5,21501.05,8.9,21243.96,10.2,0.0797
S028,Detroit Standard,Midwest,Standard,2024,12,2024-12-01,13663.35,21501.05,-36.5,21243.96,-35.7,0.0714
S031,Milwaukee Standard,Midwest,Standard,2024,12,2024-12-01,24864.32,21501.05,15.6,21243.96,17.0,0.0591
S032,St. Louis Standard,Midwest,Standard,2024,12,2024-12-01,27622.61,21501.05,28.5,21243.96,30.0,0.0765
S037,Milwaukee Standard 2,Midwest,Standard,2024,12,2024-12-01,21243.96,21501.05,-1.2,21243.96,0.0,0.0632
S036,Columbus Standard 2,Midwest,Standard,2025,1,2025-01-01,13337.71,12809.7,4.1,12046.85,10.7,0.0837
S031,Milwaukee Standard,Midwest,Standard,2025,1,2025-01-01,13669.82,12809.7,6.7,12046.85,13.5,0.0858
S037,Milwaukee Standard 2,Midwest,Standard,2025,1,2025-01-01,11807.93,12809.7,-7.8,12046.85,-2.0,0.0773
S032,St. Louis Standard,Midwest,Standard,2025,1,2025-01-01,16253.15,12809.7,26.9,12046.85,34.9,0.0772
S028,Detroit Standard,Midwest,Standard,2025,1,2025-01-01,6136.32,12809.7,-52.1,12046.85,-49.1,0.0807
S033,Chicago Standard 2,Midwest,Standard,2025,1,2025-01-01,12046.85,12809.7,-6.0,12046.85,0.0,0.0581
S033,Chicago Standard 2,Midwest,Standard,2025,2,2025-02-01,10626.17,11927.62,-10.9,11351.31,-6.4,0.059
S031,Milwaukee Standard,Midwest,Standard,2025,2,2025-02-01,14695.68,11927.62,23.2,11351.31,29.5,0.0763
S036,Columbus Standard 2,Midwest,Standard,2025,2,2025-02-01,11351.31,11927.62,-4.8,11351.31,0.0,0.0605
S032,St. Louis Standard,Midwest,Standard,2025,2,2025-02-01,16968.58,11927.62,42.3,11351.31,49.5,0.073
S037,Milwaukee Standard 2,Midwest,Standard,2025,2,2025-02-01,16400.37,11927.62,37.5,11351.31,44.5,0.0561
S028,Detroit Standard,Midwest,Standard,2025,2,2025-02-01,6400.23,11927.62,-46.3,11351.31,-43.6,0.0957
S036,Columbus Standard 2,Midwest,Standard,2025,3,2025-03-01,14450.79,15503.04,-6.8,15503.04,-6.8,0.0844
S031,Milwaukee Standard,Midwest,Standard,2025,3,2025-03-01,20061.65,15503.04,29.4,15503.04,29.4,0.0799
S032,St. Louis Standard,Midwest,Standard,2025,3,2025-03-01,19184.13,15503.04,23.7,15503.04,23.7,0.0786
S037,Milwaukee Standard 2,Midwest,Standard,2025,3,2025-03-01,15503.04,15503.04,0.0,15503.04,0.0,0.0881
S033,Chicago Standard 2,Midwest,Standard,2025,3,2025-03-01,17518.29,15503.04,13.0,15503.04,13.0,0.0567
S028,Detroit Standard,Midwest,Standard,2025,3,2025-03-01,9177.47,15503.04,-40.8,15503.04,-40.8,0.0785
S032,St. Louis Standard,Midwest,Standard,2025,4,2025-04-01,19764.87,13786.74,43.4,15760.86,25.4,0.0547
S037,Milwaukee Standard 2,Midwest,Standard,2025,4,2025-04-01,15760.86,13786.74,14.3,15760.86,0.0,0.0677
S033,Chicago Standard 2,Midwest,Standard,2025,4,2025-04-01,18355.37,13786.74,33.1,15760.86,16.5,0.0742
S028,Detroit Standard,Midwest,Standard,2025,4,2025-04-01,9268.5,13786.74,-32.8,15760.86,-41.2,0.08
S036,Columbus Standard 2,Midwest,Standard,2025,4,2025-04-01,15777.99,13786.74,14.4,15760.86,0.1,0.0506
S031,Milwaukee Standard,Midwest,Standard,2025,4,2025-04-01,13168.98,13786.74,-4.5,15760.86,-16.4,0.0953
S028,Detroit Standard,Midwest,Standard,2025,5,2025-05-01,6419.17,18607.77,-65.5,18852.33,-66.0,0.0952
S036,Columbus Standard 2,Midwest,Standard,2025,5,2025-05-01,18852.33,18607.77,1.3,18852.33,0.0,0.0882
S031,Milwaukee Standard,Midwest,Standard,2025,5,2025-05-01,19609.22,18607.77,5.4,18852.33,4.0,0.0646
S037,Milwaukee Standard 2,Midwest,Standard,2025,5,2025-05-01,21217.86,18607.77,14.0,18852.33,12.5,0.0792
S032,St. Louis Standard,Midwest,Standard,2025,5,2025-05-01,19614.82,18607.77,5.4,18852.33,4.0,0.0824
S033,Chicago Standard 2,Midwest,Standard,2025,5,2025-05-01,18583.26,18607.77,-0.1,18852.33,-1.4,0.0534
S036,Columbus Standard 2,Midwest,Standard,2025,6,2025-06-01,13685.49,15139.06,-9.6,15406.23,-11.2,0.0677
S037,Milwaukee Standard 2,Midwest,Standard,2025,6,2025-06-01,17419.51,15139.06,15.1,15406.23,13.1,0.0922
S028,Detroit Standard,Midwest,Standard,2025,6,2025-06-01,8128.46,15139.06,-46.3,15406.23,-47.2,0.0894
S031,Milwaukee Standard,Midwest,Standard,2025,6,2025-06-01,18827.35,15139.06,24.4,15406.23,22.2,0.0575
S033,Chicago Standard 2,Midwest,Standard,2025,6,2025-06-01,15406.23,15139.06,1.8,15406.23,0.0,0.0566
S032,St. Louis Standard,Midwest,Standard,2025,6,2025-06-01,17712.77,15139.06,17.0,15406.23,15.0,0.0559
S028,Detroit Standard,Midwest,Standard,2025,7,2025-07-01,7885.63,15710.65,-49.8,15821.12,-50.2,0.0539
S037,Milwaukee Standard 2,Midwest,Standard,2025,7,2025-07-01,17016.41,15710.65,8.3,15821.12,7.6,0.0658
S032,St. Louis Standard,Midwest,Standard,2025,7,2025-07-01,20612.81,15710.65,31.2,15821.12,30.3,0.0709
S036,Columbus Standard 2,Midwest,Standard,2025,7,2025-07-01,15555.79,15710.65,-1.0,15821.12,-1.7,0.074
S031,Milwaukee Standard,Midwest,Standard,2025,7,2025-07-01,17491.71,15710.65,11.3,15821.12,10.6,0.0595
S033,Chicago Standard 2,Midwest,Standard,2025,7,2025-07-01,15821.12,15710.65,0.7,15821.12,0.0,0.0882
S036,Columbus Standard 2,Midwest,Standard,2025,8,2025-08-01,17896.67,16170.35,10.7,16170.35,10.7,0.0667
S037,Milwaukee Standard 2,Midwest,Standard,2025,8,2025-08-01,15365.31,16170.35,-5.0,16170.35,-5.0,0.0664
S031,Milwaukee Standard,Midwest,Standard,2025,8,2025-08-01,16903.71,16170.35,4.5,16170.35,4.5,0.0653
S032,St. Louis Standard,Midwest,Standard,2025,8,2025-08-01,19641.94,16170.35,21.5,16170.35,21.5,0.0788
S028,Detroit Standard,Midwest,Standard,2025,8,2025-08-01,8575.13,16170.35,-47.0,16170.35,-47.0,0.0603
S033,Chicago Standard 2,Midwest,Standard,2025,8,2025-08-01,16170.35,16170.35,0.0,16170.35,0.0,0.0684
S037,Milwaukee Standard 2,Midwest,Standard,2025,9,2025-09-01,13573.83,14265.24,-4.8,14265.24,-4.8,0.0843
S036,Columbus Standard 2,Midwest,Standard,2025,9,2025-09-01,14265.24,14265.24,0.0,14265.24,0.0,0.0647
S032,St. Louis Standard,Midwest,Standard,2025,9,2025-09-01,26619.91,14265.24,86.6,14265.24,86.6,0.0604
S033,Chicago Standard 2,Midwest,Standard,2025,9,2025-09-01,15800.31,14265.24,10.8,14265.24,10.8,0.0667
S031,Milwaukee Standard,Midwest,Standard,2025,9,2025-09-01,16718.87,14265.24,17.2,14265.24,17.2,0.0755
S028,Detroit Standard,Midwest,Standard,2025,9,2025-09-01,9308.44,14265.24,-34.7,14265.24,-34.7,0.0912
S036,Columbus Standard 2,Midwest,Standard,2025,10,2025-10-01,14556.26,18253.78,-20.3,18253.78,-20.3,0.079
S028,Detroit Standard,Midwest,Standard,2025,10,2025-10-01,7947.89,18253.78,-56.5,18253.78,-56.5,0.0553
S033,Chicago Standard 2,Midwest,Standard,2025,10,2025-10-01,19219.37,18253.78,5.3,18253.78,5.3,0.0865
S031,Milwaukee Standard,Midwest,Standard,2025,10,2025-10-01,20193.03,18253.78,10.6,18253.78,10.6,0.0822
S037,Milwaukee Standard 2,Midwest,Standard,2025,10,2025-10-01,18253.78,18253.78,0.0,18253.78,0.0,0.0758
S032,St. Louis Standard,Midwest,Standard,2025,10,2025-10-01,25398.33,18253.78,39.1,18253.78,39.1,0.0746
S033,Chicago Standard 2,Midwest,Standard,2025,11,2025-11-01,16191.37,18498.95,-12.5,18498.95,-12.5,0.0544
S032,St. Louis Standard,Midwest,Standard,2025,11,2025-11-01,27466.59,18498.95,48.5,18498.95,48.5,0.0793
S028,Detroit Standard,Midwest,Standard,2025,11,2025-11-01,11014.99,18498.95,-40.5,18498.95,-40.5,0.0601
S031,Milwaukee Standard,Midwest,Standard,2025,11,2025-11-01,19872.82,18498.95,7.4,18498.95,7.4,0.0926
S036,Columbus Standard 2,Midwest,Standard,2025,11,2025-11-01,18498.95,18498.95,0.0,18498.95,0.0,0.0681
S037,Milwaukee Standard 2,Midwest,Standard,2025,11,2025-11-01,21428.65,18498.95,15.8,18498.95,15.8,0.0795
S032,St. Louis Standard,Midwest,Standard,2025,12,2025-12-01,30751.14,21644.97,42.1,21644.97,42.1,0.069
S037,Milwaukee Standard 2,Midwest,Standard,2025,12,2025-12-01,24579.91,21644.97,13.6,21644.97,13.6,0.0787
S033,Chicago Standard 2,Midwest,Standard,2025,12,2025-12-01,22623.68,21644.97,4.5,21644.97,4.5,0.072
S036,Columbus Standard 2,Midwest,Standard,2025,12,2025-12-01,19579.5,21644.97,-9.5,21644.97,-9.5,0.0873
S028,Detroit Standard,Midwest,Standard,2025,12,2025-12-01,12635.02,21644.97,-41.6,21644.97,-41.6,0.0656
S031,Milwaukee Standard,Midwest,Standard,2025,12,2025-12-01,21644.97,21644.97,0.0,21644.97,0.0,0.0789
S004,Hartford Express,Northeast,Express,2024,1,2024-01-01,6975.74,17803.34,-60.8,6975.74,0.0,0.0647
S004,Hartford Express,Northeast,Express,2024,2,2024-02-01,9573.96,15583.95,-38.6,9573.96,0.0,0.0628
S004,Hartford Express,Northeast,Express,2024,3,2024-03-01,9963.79,21859.5,-54.4,9963.79,0.0,0.0563
S004,Hartford Express,Northeast,Express,2024,4,2024-04-01,8810.39,20457.46,-56.9,8810.39,0.0,0.038
S004,Hartford Express,Northeast,Express,2024,5,2024-05-01,8814.7,23379.3,-62.3,8814.7,0.0,0.0774
S004,Hartford Express,Northeast,Express,2024,6,2024-06-01,10463.23,21866.88,-52.2,10463.23,0.0,0.0767
S004,Hartford Express,Northeast,Express,2024,7,2024-07-01,7365.07,23377.28,-68.5,7365.07,0.0,0.0948
S004,Hartford Express,Northeast,Express,2024,8,2024-08-01,11233.03,23047.51,-51.3,11233.03,0.0,0.0691
S004,Hartford Express,Northeast,Express,2024,9,2024-09-01,11322.75,19463.03,-41.8,11322.75,0.0,0.0434
S004,Hartford Express,Northeast,Express,2024,10,2024-10-01,10964.4,23303.87,-53.0,10964.4,0.0,0.0895
S004,Hartford Express,Northeast,Express,2024,11,2024-11-01,13548.15,27666.81,-51.0,13548.15,0.0,0.0723
S004,Hartford Express,Northeast,Express,2024,12,2024-12-01,11888.68,32135.59,-63.0,11888.68,0.0,0.0897
S004,Hartford Express,Northeast,Express,2025,1,2025-01-01,6415.36,17796.16,-64.0,6415.36,0.0,0.0769
S004,Hartford Express,Northeast,Express,2025,2,2025-02-01,7291.91,17910.64,-59.3,7291.91,0.0,0.0498
S004,Hartford Express,Northeast,Express,2025,3,2025-03-01,11609.19,22562.82,-48.5,11609.19,0.0,0.0529
S004,Hartford Express,Northeast,Express,2025,4,2025-04-01,8794.66,23093.47,-61.9,8794.66,0.0,0.0815
S004,Hartford Express,Northeast,Express,2025,5,2025-05-01,7178.47,23791.34,-69.8,7178.47,0.0,0.0606
S004,Hartford Express,Northeast,Express,2025,6,2025-06-01,10468.02,22748.08,-54.0,10468.02,0.0,0.0625
S004,Hartford Express,Northeast,Express,2025,7,2025-07-01,10671.48,20753.55,-48.6,10671.48,0.0,0.0914
S004,Hartford Express,Northeast,Express,2025,8,2025-08-01,9473.55,20332.41,-53.4,9473.55,0.0,0.0815
S004,Hartford Express,Northeast,Express,2025,9,2025-09-01,8634.63,21436.88,-59.7,8634.63,0.0,0.0962
S004,Hartford Express,Northeast,Express,2025,10,2025-10-01,9968.68,22253.3,-55.2,9968.68,0.0,0.0708
S004,Hartford Express,Northeast,Express,2025,11,2025-11-01,15286.59,29593.63,-48.3,15286.59,0.0,0.0704
S004,Hartford Express,Northeast,Express,2025,12,2025-12-01,11791.35,32080.89,-63.2,11791.35,0.0,0.07
S001,Boston Flagship,Northeast,Flagship,2024,1,2024-01-01,40589.69,17803.34,128.0,40589.69,0.0,0.0789
S001,Boston Flagship,Northeast,Flagship,2024,2,2024-02-01,38231.6,15583.95,145.3,38231.6,0.0,0.0731
S001,Boston Flagship,Northeast,Flagship,2024,3,2024-03-01,47397.11,21859.5,116.8,47397.11,0.0,0.0717
S001,Boston Flagship,Northeast,Flagship,2024,4,2024-04-01,44494.81,20457.46,117.5,44494.81,0.0,0.064
S001,Boston Flagship,Northeast,Flagship,2024,5,2024-05-01,54270.01,23379.3,132.1,54270.01,0.0,0.0763
S001,Boston Flagship,Northeast,Flagship,2024,6,2024-06-01,48698.56,21866.88,122.7,48698.56,0.0,0.0698
S001,Boston Flagship,Northeast,Flagship,2024,7,2024-07-01,49851.29,23377.28,113.2,49851.29,0.0,0.0787
S001,Boston Flagship,Northeast,Flagship,2024,8,2024-08-01,50329.28,23047.51,118.4,50329.28,0.0,0.0703
S001,Boston Flagship,Northeast,Flagship,2024,9,2024-09-01,45592.09,19463.03,134.2,45592.09,0.0,0.0752
S001,Boston Flagship,Northeast,Flagship,2024,10,2024-10-01,49644.07,23303.87,113.0,49644.07,0.0,0.0621
S001,Boston Flagship,Northeast,Flagship,2024,11,2024-11-01,54279.62,27666.81,96.2,54279.62,0.0,0.0626
S001,Boston Flagship,Northeast,Flagship,2024,12,2024-12-01,77200.88,32135.59,140.2,77200.88,0.0,0.0677
S001,Boston Flagship,Northeast,Flagship,2025,1,2025-01-01,41342.25,17796.16,132.3,41342.25,0.0,0.0888
S001,Boston Flagship,Northeast,Flagship,2025,2,2025-02-01,41124.29,17910.64,129.6,41124.29,0.0,0.0681
S001,Boston Flagship,Northeast,Flagship,2025,3,2025-03-01,48020.95,22562.82,112.8,48020.95,0.0,0.0767
S001,Boston Flagship,Northeast,Flagship,2025,4,2025-04-01,52063.44,23093.47,125.4,52063.44,0.0,0.064
S001,Boston Flagship,Northeast,Flagship,2025,5,2025-05-01,53770.17,23791.34,126.0,53770.17,0.0,0.0785
S001,Boston Flagship,Northeast,Flagship,2025,6,2025-06-01,53540.27,22748.08,135.4,53540.27,0.0,0.0775
S001,Boston Flagship,Northeast,Flagship,2025,7,2025-07-01,49342.81,20753.55,137.8,49342.81,0.0,0.072
S001,Boston Flagship,Northeast,Flagship,2025,8,2025-08-01,44783.03,20332.41,120.3,44783.03,0.0,0.0835
S001,Boston Flagship,Northeast,Flagship,2025,9,2025-09-01,47665.91,21436.88,122.4,47665.91,0.0,0.0664
S001,Boston Flagship,Northeast,Flagship,2025,10,2025-10-01,57856.04,22253.3,160.0,57856.04,0.0,0.0733
S001,Boston Flagship,Northeast,Flagship,2025,11,2025-11-01,67068.55,29593.63,126.6,67068.55,0.0,0.0744
S001,Boston Flagship,Northeast,Flagship,2025,12,2025-12-01,69829.76,32080.89,117.7,69829.76,0.0,0.0828
S003,Philadelphia Outlet,Northeast,Outlet,2024,1,2024-01-01,17443.08,17803.34,-2.0,17443.08,0.0,0.0604
S003,Philadelphia Outlet,Northeast,Outlet,2024,2,2024-02-01,10656.47,15583.95,-31.6,10656.47,0.0,0.107
S003,Philadelphia Outlet,Northeast,Outlet,2024,3,2024-03-01,15792.3,21859.5,-27.8,15792.3,0.0,0.0782
S003,Philadelphia Outlet,Northeast,Outlet,2024,4,2024-04-01,19122.1,20457.46,-6.5,19122.1,0.0,0.0548
S003,Philadelphia Outlet,Northeast,Outlet,2024,5,2024-05-01,24176.82,23379.3,3.4,24176.82,0.0,0.0479
S003,Philadelphia Outlet,Northeast,Outlet,2024,6,2024-06-01,17945.68,21866.88,-17.9,17945.68,0.0,0.0713
S003,Philadelphia Outlet,Northeast,Outlet,2024,7,2024-07-01,18288.74,23377.28,-21.8,18288.74,0.0,0.0621
S003,Philadelphia Outlet,Northeast,Outlet,2024,8,2024-08-01,18613.01,23047.51,-19.2,18613.01,0.0,0.059
S003,Philadelphia Outlet,Northeast,Outlet,2024,9,2024-09-01,18728.48,19463.03,-3.8,18728.48,0.0,0.0535
S003,Philadelphia Outlet,Northeast,Outlet,2024,10,2024-10-01,18748.4,23303.87,-19.5,18748.4,0.0,0.0694
S003,Philadelphia Outlet,Northeast,Outlet,2024,11,2024-11-01,23677.33,27666.81,-14.4,23677.33,0.0,0.0666
S003,Philadelphia Outlet,Northeast,Outlet,2024,12,2024-12-01,30827.24,32135.59,-4.1,30827.24,0.0,0.0731
S003,Philadelphia Outlet,Northeast,Outlet,2025,1,2025-01-01,16047.0,17796.16,-9.8,16047.0,0.0,0.0603
S003,Philadelphia Outlet,Northeast,Outlet,2025,2,2025-02-01,18599.03,17910.64,3.8,18599.03,0.0,0.0535
S003,Philadelphia Outlet,Northeast,Outlet,2025,3,2025-03-01,20556.33,22562.82,-8.9,20556.33,0.0,0.0776
S003,Philadelphia Outlet,Northeast,Outlet,2025,4,2025-04-01,21312.87,23093.47,-7.7,21312.87,0.0,0.0667
S003,Philadelphia Outlet,Northeast,Outlet,2025,5,2025-05-01,23169.49,23791.34,-2.6,23169.49,0.0,0.0669
S003,Philadelphia Outlet,Northeast,Outlet,2025,6,2025-06-01,23447.03,22748.08,3.1,23447.03,0.0,0.0714
S003,Philadelphia Outlet,Northeast,Outlet,2025,7,2025-07-01,19742.08,20753.55,-4.9,19742.08,0.0,0.0742
S003,Philadelphia Outlet,Northeast,Outlet,2025,8,2025-08-01,19867.34,20332.41,-2.3,19867.34,0.0,0.0638
S003,Philadelphia Outlet,Northeast,Outlet,2025,9,2025-09-01,17946.99,21436.88,-16.3,17946.99,0.0,0.0989
S003,Philadelphia Outlet,Northeast,Outlet,2025,10,2025-10-01,20141.61,22253.3,-9.5,20141.61,0.0,0.08
S003,Philadelphia Outlet,Northeast,Outlet,2025,11,2025-11-01,22567.39,29593.63,-23.7,22567.39,0.0,0.083
S003,Philadelphia Outlet,Northeast,Outlet,2025,12,2025-12-01,27721.94,32080.89,-13.6,27721.94,0.0,0.0668
S005,Providence Standard,Northeast,Standard,2024,1,2024-01-01,15836.45,17803.34,-11.0,18161.0,-12.8,0.0721
S008,New York Standard 2,Northeast,Standard,2024,1,2024-01-01,13806.82,17803.34,-22.4,18161.0,-24.0,0.0819
S002,New York Standard,Northeast,Standard,2024,1,2024-01-01,17803.34,17803.34,0.0,18161.0,-2.0,0.0467
S014,New York Standard 3,Northeast,Standard,2024,1,2024-01-01,19353.05,17803.34,8.7,18161.0,6.6,0.0843
S012,Newark Standard 2,Northeast,Standard,2024,1,2024-01-01,16605.4,17803.34,-6.7,18161.0,-8.6,0.0592
S006,Newark Standard,Northeast,Standard,2024,1,2024-01-01,18913.41,17803.34,6.2,18161.0,4.1,0.058
S011,Providence Standard 2,Northeast,Standard,2024,1,2024-01-01,19995.41,17803.34,12.3,18161.0,10.1,0.087
S009,Philadelphia Standard 2,Northeast,Standard,2024,1,2024-01-01,18622.72,17803.34,4.6,18161.0,2.5,0.0876
S007,Boston Standard 2,Northeast,Standard,2024,1,2024-01-01,18161.0,17803.34,2.0,18161.0,0.0,0.0726
S010,Hartford Standard 2,Northeast,Standard,2024,1,2024-01-01,20361.83,17803.34,14.4,18161.0,12.1,0.0595
S013,Boston Standard 3,Northeast,Standard,2024,1,2024-01-01,17004.84,17803.34,-4.5,18161.0,-6.4,0.0848
S002,New York Standard,Northeast,Standard,2024,2,2024-02-01,20320.35,15583.95,30.4,16410.55,23.8,0.076
S014,New York Standard 3,Northeast,Standard,2024,2,2024-02-01,19391.91,15583.95,24.4,16410.55,18.2,0.0823
S011,Providence Standard 2,Northeast,Standard,2024,2,2024-02-01,19726.28,15583.95,26.6,16410.55,20.2,0.0794
S008,New York Standard 2,Northeast,Standard,2024,2,2024-02-01,14821.85,15583.95,-4.9,16410.55,-9.7,0.0557
S010,Hartford Standard 2,Northeast,Standard,2024,2,2024-02-01,17919.49,15583.95,15.0,16410.55,9.2,0.0585
S012,Newark Standard 2,Northeast,Standard,2024,2,2024-02-01,19744.61,15583.95,26.7,16410.55,20.3,0.0698
S009,Philadelphia Standard 2,Northeast,Standard,2024,2,2024-02-01,16410.55,15583.95,5.3,16410.55,0.0,0.0745
S006,Newark Standard,Northeast,Standard,2024,2,2024-02-01,14963.56,15583.95,-4.0,16410.55,-8.8,0.0523
S007,Boston Standard 2,Northeast,Standard,2024,2,2024-02-01,15583.95,15583.95,0.0,16410.55,-5.0,0.0863
S005,Providence Standard,Northeast,Standard,2024,2,2024-02-01,13878.42,15583.95,-10.9,16410.55,-15.4,0.0676
S013,Boston Standard 3,Northeast,Standard,2024,2,2024-02-01,14192.54,15583.95,-8.9,16410.55,-13.5,0.0748
S013,Boston Standard 3,Northeast,Standard,2024,3,2024-03-01,24908.95,21859.5,14.0,22310.5,11.6,0.0571
S002,New York Standard,Northeast,Standard,2024,3,2024-03-01,24296.39,21859.5,11.1,22310.5,8.9,0.0877
S012,Newark Standard 2,Northeast,Standard,2024,3,2024-03-01,20600.13,21859.5,-5.8,22310.5,-7.7,0.0816
S011,Providence Standard 2,Northeast,Standard,2024,3,2024-03-01,21717.38,21859.5,-0.7,22310.5,-2.7,0.0858
S006,Newark Standard,Northeast,Standard,2024,3,2024-03-01,20625.15,21859.5,-5.6,22310.5,-7.6,0.0801
S007,Boston Standard 2,Northeast,Standard,2024,3,2024-03-01,22559.79,21859.5,3.2,22310.5,1.1,0.0628
S009,Philadelphia Standard 2,Northeast,Standard,2024,3,2024-03-01,21859.5,21859.5,0.0,22310.5,-2.0,0.0487
S008,New York Standard 2,Northeast,Standard,2024,3,2024-03-01,20078.51,21859.5,-8.1,22310.5,-10.0,0.0743
S010,Hartford Standard 2,Northeast,Standard,2024,3,2024-03-01,28906.68,21859.5,32.2,22310.5,29.6,0.0691
S005,Providence Standard,Northeast,Standard,2024,3,2024-03-01,24751.14,21859.5,13.2,22310.5,10.9,0.0686
S014,New York Standard 3,Northeast,Standard,2024,3,2024-03-01,22310.5,21859.5,2.1,22310.5,0.0,0.0658
S008,New York Standard 2,Northeast,Standard,2024,4,2024-04-01,17525.13,20457.46,-14.3,20557.78,-14.8,0.0759
S014,New York Standard 3,Northeast,Standard,2024,4,2024-04-01,24731.67,20457.46,20.9,20557.78,20.3,0.0576
S007,Boston Standard 2,Northeast,Standard,2024,4,2024-04-01,20457.46,20457.46,0.0,20557.78,-0.5,0.0812
S009,Philadelphia Standard 2,Northeast,Standard,2024,4,2024-04-01,24308.8,20457.46,18.8,20557.78,18.2,0.0639
S006,Newark Standard,Northeast,Standard,2024,4,2024-04-01,25271.58,20457.46,23.5,20557.78,22.9,0.0767
S011,Providence Standard 2,Northeast,Standard,2024,4,2024-04-01,30520.69,20457.46,49.2,20557.78,48.5,0.0702
S013,Boston Standard 3,Northeast,Standard,2024,4,2024-04-01,17243.95,20457.46,-15.7,20557.78,-16.1,0.0849
S002,New York Standard,Northeast,Standard,2024,4,2024-04-01,20557.78,20457.46,0.5,20557.78,0.0,0.0571
S010,Hartford Standard 2,Northeast,Standard,2024,4,2024-04-01,25097.64,20457.46,22.7,20557.78,22.1,0.0566
S012,Newark Standard 2,Northeast,Standard,2024,4,2024-04-01,20352.39,20457.46,-0.5,20557.78,-1.0,0.0739
S005,Providence Standard,Northeast,Standard,2024,4,2024-04-01,15144.36,20457.46,-26.0,20557.78,-26.3,0.0701
S006,Newark Standard,Northeast,Standard,2024,5,2024-05-01,21883.17,23379.3,-6.4,23379.3,-6.4,0.0788
S008,New York Standard 2,Northeast,Standard,2024,5,2024-05-01,21579.94,23379.3,-7.7,23379.3,-7.7,0.0763
S011,Providence Standard 2,Northeast,Standard,2024,5,2024-05-01,23161.32,23379.3,-0.9,23379.3,-0.9,0.0631
S007,Boston Standard 2,Northeast,Standard,2024,5,2024-05-01,24050.21,23379.3,2.9,23379.3,2.9,0.065
S009,Philadelphia Standard 2,Northeast,Standard,2024,5,2024-05-01,24213.55,23379.3,3.6,23379.3,3.6,0.0613
S010,Hartford Standard 2,Northeast,Standard,2024,5,2024-05-01,28255.92,23379.3,20.9,23379.3,20.9,0.0593
S014,New York Standard 3,Northeast,Standard,2024,5,2024-05-01,20913.97,23379.3,-10.5,23379.3,-10.5,0.0509
S002,New York Standard,Northeast,Standard,2024,5,2024-05-01,26530.06,23379.3,13.5,23379.3,13.5,0.0591
S005,Providence Standard,Northeast,Standard,2024,5,2024-05-01,26197.34,23379.3,12.1,23379.3,12.1,0.0716
S013,Boston Standard 3,Northeast,Standard,2024,5,2024-05-01,23055.03,23379.3,-1.4,23379.3,-1.4,0.0647
S012,Newark Standard 2,Northeast,Standard,2024,5,2024-05-01,23379.3,23379.3,0.0,23379.3,0.0,0.0806
S009,Philadelphia Standard 2,Northeast,Standard,2024,6,2024-06-01,22337.39,21866.88,2.2,22337.39,0.0,0.0657
S013,Boston Standard 3,Northeast,Standard,2024,6,2024-06-01,22995.67,21866.88,5.2,22337.39,2.9,0.0583
S002,New York Standard,Northeast,Standard,2024,6,2024-06-01,27818.28,21866.88,27.2,22337.39,24.5,0.0716
S014,New York Standard 3,Northeast,Standard,2024,6,2024-06-01,22642.05,21866.88,3.5,22337.39,1.4,0.0702
S008,New York Standard 2,Northeast,Standard,2024,6,2024-06-01,18481.11,21866.88,-15.5,22337.39,-17.3,0.0667
S012,Newark Standard 2,Northeast,Standard,2024,6,2024-06-01,20738.95,21866.88,-5.2,22337.39,-7.2,0.0737
S011,Providence Standard 2,Northeast,Standard,2024,6,2024-06-01,21866.88,21866.88,0.0,22337.39,-2.1,0.0757
S006,Newark Standard,Northeast,Standard,2024,6,2024-06-01,18640.35,21866.88,-14.8,22337.39,-16.6,0.0649
S007,Boston Standard 2,Northeast,Standard,2024,6,2024-06-01,22923.91,21866.88,4.8,22337.39,2.6,0.0579
S005,Providence Standard,Northeast,Standard,2024,6,2024-06-01,19166.86,21866.88,-12.3,22337.39,-14.2,0.0848
S010,Hartford Standard 2,Northeast,Standard,2024,6,2024-06-01,29370.27,21866.88,34.3,22337.39,31.5,0.0638
S012,Newark Standard 2,Northeast,Standard,2024,7,2024-07-01,21078.81,23377.28,-9.8,23873.68,-11.7,0.0577
S009,Philadelphia Standard 2,Northeast,Standard,2024,7,2024-07-01,28188.86,23377.28,20.6,23873.68,18.1,0.0671
S014,New York Standard 3,Northeast,Standard,2024,7,2024-07-01,18916.99,23377.28,-19.1,23873.68,-20.8,0.0719
S006,Newark Standard,Northeast,Standard,2024,7,2024-07-01,24760.87,23377.28,5.9,23873.68,3.7,0.0574
S008,New York Standard 2,Northeast,Standard,2024,7,2024-07-01,18711.53,23377.28,-20.0,23873.68,-21.6,0.0904
S007,Boston Standard 2,Northeast,Standard,2024,7,2024-07-01,23377.28,23377.28,0.0,23873.68,-2.1,0.0628
S011,Providence Standard 2,Northeast,Standard,2024,7,2024-07-01,21797.05,23377.28,-6.8,23873.68,-8.7,0.0644
S010,Hartford Standard 2,Northeast,Standard,2024,7,2024-07-01,24618.71,23377.28,5.3,23873.68,3.1,0.0532
S005,Providence Standard,Northeast,Standard,2024,7,2024-07-01,24282.64,23377.28,3.9,23873.68,1.7,0.0709
S013,Boston Standard 3,Northeast,Standard,2024,7,2024-07-01,23873.68,23377.28,2.1,23873.68,0.0,0.0551
S002,New York Standard,Northeast,Standard,2024,7,2024-07-01,26851.2,23377.28,14.9,23873.68,12.5,0.0784
S012,Newark Standard 2,Northeast,Standard,2024,8,2024-08-01,21964.55,23047.51,-4.7,23503.13,-6.5,0.0795
S006,Newark Standard,Northeast,Standard,2024,8,2024-08-01,24326.0,23047.51,5.5,23503.13,3.5,0.0667
S005,Providence Standard,Northeast,Standard,2024,8,2024-08-01,21444.77,23047.51,-7.0,23503.13,-8.8,0.0688
S013,Boston Standard 3,Northeast,Standard,2024,8,2024-08-01,26762.65,23047.51,16.1,23503.13,13.9,0.0665
S011,Providence Standard 2,Northeast,Standard,2024,8,2024-08-01,23047.51,23047.51,0.0,23503.13,-1.9,0.0604
S010,Hartford Standard 2,Northeast,Standard,2024,8,2024-08-01,28901.83,23047.51,25.4,23503.13,23.0,0.081
S014,New York Standard 3,Northeast,Standard,2024,8,2024-08-01,23503.13,23047.51,2.0,23503.13,0.0,0.0733
S009,Philadelphia Standard 2,Northeast,Standard,2024,8,2024-08-01,22887.47,23047.51,-0.7,23503.13,-2.6,0.0754
S002,New York Standard,Northeast,Standard,2024,8,2024-08-01,24867.12,23047.51,7.9,23503.13,5.8,0.0647
S007,Boston Standard 2,Northeast,Standard,2024,8,2024-08-01,26336.65,23047.51,14.3,23503.13,12.1,0.0702
S008,New York Standard 2,Northeast,Standard,2024,8,2024-08-01,17013.77,23047.51,-26.2,23503.13,-27.6,0.0784
S012,Newark Standard 2,Northeast,Standard,2024,9,2024-09-01,18916.61,19463.03,-2.8,19511.12,-3.0,0.0704
S011,Providence Standard 2,Northeast,Standard,2024,9,2024-09-01,22915.72,19463.03,17.7,19511.12,17.4,0.0599
S005,Providence Standard,Northeast,Standard,2024,9,2024-09-01,19463.03,19463.03,0.0,19511.12,-0.2,0.0874
S010,Hartford Standard 2,Northeast,Standard,2024,9,2024-09-01,21679.95,19463.03,11.4,19511.12,11.1,0.0681
S013,Boston Standard 3,Northeast,Standard,2024,9,2024-09-01,20649.61,19463.03,6.1,19511.12,5.8,0.0785
S008,New York Standard 2,Northeast,Standard,2024,9,2024-09-01,18009.27,19463.03,-7.5,19511.12,-7.7,0.0648
S006,Newark Standard,Northeast,Standard,2024,9,2024-09-01,18810.15,19463.03,-3.4,19511.12,-3.6,0.0689
S014,New York Standard 3,Northeast,Standard,2024,9,2024-09-01,19511.12,19463.03,0.2,19511.12,0.0,0.0883
S002,New York Standard,Northeast,Standard,2024,9,2024-09-01,17893.2,19463.03,-8.1,19511.12,-8.3,0.0653
S007,Boston Standard 2,Northeast,Standard,2024,9,2024-09-01,25397.41,19463.03,30.5,19511.12,30.2,0.0827
S009,Philadelphia Standard 2,Northeast,Standard,2024,9,2024-09-01,20309.02,19463.03,4.3,19511.12,4.1,0.0682
S007,Boston Standard 2,Northeast,Standard,2024,10,2024-10-01,19059.93,23303.87,-18.2,23628.19,-19.3,0.0746
S013,Boston Standard 3,Northeast,Standard,2024,10,2024-10-01,23958.06,23303.87,2.8,23628.19,1.4,0.073
S009,Philadelphia Standard 2,Northeast,Standard,2024,10,2024-10-01,21928.29,23303.87,-5.9,23628.19,-7.2,0.0717
S011,Providence Standard 2,Northeast,Standard,2024,10,2024-10-01,27244.07,23303.87,16.9,23628.19,15.3,0.0718
S005,Providence Standard,Northeast,Standard,2024,10,2024-10-01,23628.19,23303.87,1.4,23628.19,0.0,0.079
S010,Hartford Standard 2,Northeast,Standard,2024,10,2024-10-01,23761.7,23303.87,2.0,23628.19,0.6,0.0576
S012,Newark Standard 2,Northeast,Standard,2024,10,2024-10-01,23303.87,23303.87,0.0,23628.19,-1.4,0.0622
S014,New York Standard 3,Northeast,Standard,2024,10,2024-10-01,25338.51,23303.87,8.7,23628.19,7.2,0.068
S008,New York Standard 2,Northeast,Standard,2024,10,2024-10-01,18515.33,23303.87,-20.5,23628.19,-21.6,0.0859
S002,New York Standard,Northeast,Standard,2024,10,2024-10-01,24995.33,23303.87,7.3,23628.19,5.8,0.0576
S006,Newark Standard,Northeast,Standard,2024,10,2024-10-01,20602.0,23303.87,-11.6,23628.19,-12.8,0.0806
S012,Newark Standard 2,Northeast,Standard,2024,11,2024-11-01,27666.81,27666.81,0.0,27696.74,-0.1,0.0775
S011,Providence Standard 2,Northeast,Standard,2024,11,2024-11-01,32179.8,27666.81,16.3,27696.74,16.2,0.0831
S008,New York Standard 2,Northeast,Standard,2024,11,2024-11-01,21704.33,27666.81,-21.6,27696.74,-21.6,0.0505
S013,Boston Standard 3,Northeast,Standard,2024,11,2024-11-01,28373.36,27666.81,2.6,27696.74,2.4,0.0658
S002,New York Standard,Northeast,Standard,2024,11,2024-11-01,30267.2,27666.81,9.4,27696.74,9.3,0.0855
S009,Philadelphia Standard 2,Northeast,Standard,2024,11,2024-11-01,27696.74,27666.81,0.1,27696.74,0.0,0.0646
S007,Boston Standard 2,Northeast,Standard,2024,11,2024-11-01,27375.56,27666.81,-1.1,27696.74,-1.2,0.0667
S010,Hartford Standard 2,Northeast,Standard,2024,11,2024-11-01,29679.75,27666.81,7.3,27696.74,7.2,0.0817
S005,Providence Standard,Northeast,Standard,2024,11,2024-11-01,23994.01,27666.81,-13.3,27696.74,-13.4,0.0704
S014,New York Standard 3,Northeast,Standard,2024,11,2024-11-01,22198.78,27666.81,-19.8,27696.74,-19.9,0.0523
S006,Newark Standard,Northeast,Standard,2024,11,2024-11-01,29381.73,27666.81,6.2,27696.74,6.1,0.0676
S006,Newark Standard,Northeast,Standard,2024,12,2024-12-01,34459.15,32135.59,7.2,32179.55,7.1,0.0773
S014,New York Standard 3,Northeast,Standard,2024,12,2024-12-01,32179.55,32135.59,0.1,32179.55,0.0,0.0753
S002,New York Standard,Northeast,Standard,2024,12,2024-12-01,34030.09,32135.59,5.9,32179.55,5.8,0.0747
S010,Hartford Standard 2,Northeast,Standard,2024,12,2024-12-01,43439.85,32135.59,35.2,32179.55,35.0,0.0785
S013,Boston Standard 3,Northeast,Standard,2024,12,2024-12-01,32135.59,32135.59,0.0,32179.55,-0.1,0.0575
S008,New York Standard 2,Northeast,Standard,2024,12,2024-12-01,23415.48,32135.59,-27.1,32179.55,-27.2,0.0612
S011,Providence Standard 2,Northeast,Standard,2024,12,2024-12-01,30756.13,32135.59,-4.3,32179.55,-4.4,0.0641
S012,Newark Standard 2,Northeast,Standard,2024,12,2024-12-01,34683.31,32135.59,7.9,32179.55,7.8,0.0618
S007,Boston Standard 2,Northeast,Standard,2024,12,2024-12-01,34274.04,32135.59,6.7,32179.55,6.5,0.0657
S009,Philadelphia Standard 2,Northeast,Standard,2024,12,2024-12-01,29400.05,32135.59,-8.5,32179.55,-8.6,0.0775
S005,Providence Standard,Northeast,Standard,2024,12,2024-12-01,30296.9,32135.59,-5.7,32179.55,-5.9,0.0597
S005,Providence Standard,Northeast,Standard,2025,1,2025-01-01,15267.47,17796.16,-14.2,18885.38,-19.2,0.0503
S010,Hartford Standard 2,Northeast,Standard,2025,1,2025-01-01,25960.91,17796.16,45.9,18885.38,37.5,0.082
S014,New York Standard 3,Northeast,Standard,2025,1,2025-01-01,17796.16,17796.16,0.0,18885.38,-5.8,0.0688
S009,Philadelphia Standard 2,Northeast,Standard,2025,1,2025-01-01,21594.43,17796.16,21.3,18885.38,14.3,0.0614
S006,Newark Standard,Northeast,Standard,2025,1,2025-01-01,16141.31,17796.16,-9.3,18885.38,-14.5,0.0633
S011,Providence Standard 2,Northeast,Standard,2025,1,2025-01-01,19323.15,17796.16,8.6,18885.38,2.3,0.0645
S008,New York Standard 2,Northeast,Standard,2025,1,2025-01-01,15063.51,17796.16,-15.4,18885.38,-20.2,0.0609
S007,Boston Standard 2,Northeast,Standard,2025,1,2025-01-01,17363.09,17796.16,-2.4,18885.38,-8.1,0.0578
S002,New York Standard,Northeast,Standard,2025,1,2025-01-01,19265.82,17796.16,8.3,18885.38,2.0,0.0899
S012,Newark Standard 2,Northeast,Standard,2025,1,2025-01-01,18885.38,17796.16,6.1,18885.38,0.0,0.0653
S013,Boston Standard 3,Northeast,Standard,2025,1,2025-01-01,20716.71,17796.16,16.4,18885.38,9.7,0.0564
S012,Newark Standard 2,Northeast,Standard,2025,2,2025-02-01,14975.69,17910.64,-16.4,17910.64,-16.4,0.0532
S013,Boston Standard 3,Northeast,Standard,2025,2,2025-02-01,17174.19,17910.64,-4.1,17910.64,-4.1,0.0752
S005,Providence Standard,Northeast,Standard,2025,2,2025-02-01,16691.78,17910.64,-6.8,17910.64,-6.8,0.061
S014,New York Standard 3,Northeast,Standard,2025,2,2025-02-01,17360.81,17910.64,-3.1,17910.64,-3.1,0.0686
S011,Providence Standard 2,Northeast,Standard,2025,2,2025-02-01,19623.36,17910.64,9.6,17910.64,9.6,0.0584
S002,New York Standard,Northeast,Standard,2025,2,2025-02-01,17063.79,17910.64,-4.7,17910.64,-4.7,0.06
S006,Newark Standard,Northeast,Standard,2025,2,2025-02-01,17910.64,17910.64,0.0,17910.64,0.0,0.0584
S009,Philadelphia Standard 2,Northeast,Standard,2025,2,2025-02-01,18757.53,17910.64,4.7,17910.64,4.7,0.0752
S010,Hartford Standard 2,Northeast,Standard,2025,2,2025-02-01,20753.28,17910.64,15.9,17910.64,15.9,0.0595
S008,New York Standard 2,Northeast,Standard,2025,2,2025-02-01,20134.86,17910.64,12.4,17910.64,12.4,0.0714
S007,Boston Standard 2,Northeast,Standard,2025,2,2025-02-01,18187.19,17910.64,1.5,17910.64,1.5,0.0877
S008,New York Standard 2,Northeast,Standard,2025,3,2025-03-01,21303.32,22562.82,-5.6,23217.54,-8.2,0.0795
S009,Philadelphia Standard 2,Northeast,Standard,2025,3,2025-03-01,23217.54,22562.82,2.9,23217.54,0.0,0.0912
S002,New York Standard,Northeast,Standard,2025,3,2025-03-01,26921.23,22562.82,19.3,23217.54,16.0,0.0563
S006,Newark Standard,Northeast,Standard,2025,3,2025-03-01,19556.17,22562.82,-13.3,23217.54,-15.8,0.0838
S012,Newark Standard 2,Northeast,Standard,2025,3,2025-03-01,25148.52,22562.82,11.5,23217.54,8.3,0.0826
S007,Boston Standard 2,Northeast,Standard,2025,3,2025-03-01,22562.82,22562.82,0.0,23217.54,-2.8,0.0766
S010,Hartford Standard 2,Northeast,Standard,2025,3,2025-03-01,30895.61,22562.82,36.9,23217.54,33.1,0.0675
S014,New York Standard 3,Northeast,Standard,2025,3,2025-03-01,18885.72,22562.82,-16.3,23217.54,-18.7,0.0908
S013,Boston Standard 3,Northeast,Standard,2025,3,2025-03-01,25351.36,22562.82,12.4,23217.54,9.2,0.0757
S011,Providence Standard 2,Northeast,Standard,2025,3,2025-03-01,23814.14,22562.82,5.5,23217.54,2.6,0.0683
S005,Providence Standard,Northeast,Standard,2025,3,2025-03-01,21948.33,22562.82,-2.7,23217.54,-5.5,0.0815
S009,Philadelphia Standard 2,Northeast,Standard,2025,4,2025-04-01,23093.47,23093.47,0.0,23730.5,-2.7,0.0577
S008,New York Standard 2,Northeast,Standard,2025,4,2025-04-01,19440.48,23093.47,-15.8,23730.5,-18.1,0.052
S005,Providence Standard,Northeast,Standard,2025,4,2025-04-01,22986.34,23093.47,-0.5,23730.5,-3.1,0.0768
S011,Providence Standard 2,Northeast,Standard,2025,4,2025-04-01,23813.82,23093.47,3.1,23730.5,0.4,0.0765
S010,Hartford Standard 2,Northeast,Standard,2025,4,2025-04-01,22341.72,23093.47,-3.3,23730.5,-5.9,0.0847
S002,New York Standard,Northeast,Standard,2025,4,2025-04-01,27285.95,23093.47,18.2,23730.5,15.0,0.0581
S013,Boston Standard 3,Northeast,Standard,2025,4,2025-04-01,25865.01,23093.47,12.0,23730.5,9.0,0.0854
S006,Newark Standard,Northeast,Standard,2025,4,2025-04-01,24407.06,23093.47,5.7,23730.5,2.9,0.0805
S007,Boston Standard 2,Northeast,Standard,2025,4,2025-04-01,24341.87,23093.47,5.4,23730.5,2.6,0.0732
S014,New York Standard 3,Northeast,Standard,2025,4,2025-04-01,17961.96,23093.47,-22.2,23730.5,-24.3,0.0574
S012,Newark Standard 2,Northeast,Standard,2025,4,2025-04-01,23730.5,23093.47,2.8,23730.5,0.0,0.064
S007,Boston Standard 2,Northeast,Standard,2025,5,2025-05-01,22421.97,23791.34,-5.8,24573.89,-8.8,0.0715
S005,Providence Standard,Northeast,Standard,2025,5,2025-05-01,20485.97,23791.34,-13.9,24573.89,-16.6,0.0799
S010,Hartford Standard 2,Northeast,Standard,2025,5,2025-05-01,32656.04,23791.34,37.3,24573.89,32.9,0.051
S008,New York Standard 2,Northeast,Standard,2025,5,2025-05-01,22529.4,23791.34,-5.3,24573.89,-8.3,0.0748
S002,New York Standard,Northeast,Standard,2025,5,2025-05-01,27120.49,23791.34,14.0,24573.89,10.4,0.0685
S011,Providence Standard 2,Northeast,Standard,2025,5,2025-05-01,23471.9,23791.34,-1.3,24573.89,-4.5,0.0687
S013,Boston Standard 3,Northeast,Standard,2025,5,2025-05-01,27883.41,23791.34,17.2,24573.89,13.5,0.0665
S009,Philadelphia Standard 2,Northeast,Standard,2025,5,2025-05-01,23791.34,23791.34,0.0,24573.89,-3.2,0.0833
S006,Newark Standard,Northeast,Standard,2025,5,2025-05-01,28564.26,23791.34,20.1,24573.89,16.2,0.0733
S014,New York Standard 3,Northeast,Standard,2025,5,2025-05-01,24573.89,23791.34,3.3,24573.89,0.0,0.0541
S012,Newark Standard 2,Northeast,Standard,2025,5,2025-05-01,29583.86,23791.34,24.3,24573.89,20.4,0.0692
S005,Providence Standard,Northeast,Standard,2025,6,2025-06-01,19060.27,22748.08,-16.2,22748.08,-16.2,0.0643
S011,Providence Standard 2,Northeast,Standard,2025,6,2025-06-01,30871.55,22748.08,35.7,22748.08,35.7,0.0693
S012,Newark Standard 2,Northeast,Standard,2025,6,2025-06-01,21476.92,22748.08,-5.6,22748.08,-5.6,0.0783
S008,New York Standard 2,Northeast,Standard,2025,6,2025-06-01,21805.72,22748.08,-4.1,22748.08,-4.1,0.0681
S010,Hartford Standard 2,Northeast,Standard,2025,6,2025-06-01,26096.81,22748.08,14.7,22748.08,14.7,0.0674
S006,Newark Standard,Northeast,Standard,2025,6,2025-06-01,30040.69,22748.08,32.1,22748.08,32.1,0.065
S007,Boston Standard 2,Northeast,Standard,2025,6,2025-06-01,22752.53,22748.08,0.0,22748.08,0.0,0.0636
S014,New York Standard 3,Northeast,Standard,2025,6,2025-06-01,22748.08,22748.08,0.0,22748.08,0.0,0.0649
S013,Boston Standard 3,Northeast,Standard,2025,6,2025-06-01,22665.39,22748.08,-0.4,22748.08,-0.4,0.0582
S009,Philadelphia Standard 2,Northeast,Standard,2025,6,2025-06-01,22397.27,22748.08,-1.5,22748.08,-1.5,0.0827
S002,New York Standard,Northeast,Standard,2025,6,2025-06-01,27131.86,22748.08,19.3,22748.08,19.3,0.0717
S011,Providence Standard 2,Northeast,Standard,2025,7,2025-07-01,29174.85,20753.55,40.6,22951.88,27.1,0.0659
S008,New York Standard 2,Northeast,Standard,2025,7,2025-07-01,17958.11,20753.55,-13.5,22951.88,-21.8,0.0755
S002,New York Standard,Northeast,Standard,2025,7,2025-07-01,24903.69,20753.55,20.0,22951.88,8.5,0.0635
S009,Philadelphia Standard 2,Northeast,Standard,2025,7,2025-07-01,24721.57,20753.55,19.1,22951.88,7.7,0.0811
S005,Providence Standard,Northeast,Standard,2025,7,2025-07-01,19497.92,20753.55,-6.1,22951.88,-15.0,0.0819
S010,Hartford Standard 2,Northeast,Standard,2025,7,2025-07-01,26140.51,20753.55,26.0,22951.88,13.9,0.0653
S007,Boston Standard 2,Northeast,Standard,2025,7,2025-07-01,19206.48,20753.55,-7.5,22951.88,-16.3,0.0756
S012,Newark Standard 2,Northeast,Standard,2025,7,2025-07-01,22951.88,20753.55,10.6,22951.88,0.0,0.0714
S013,Boston Standard 3,Northeast,Standard,2025,7,2025-07-01,20424.9,20753.55,-1.6,22951.88,-11.0,0.067
S006,Newark Standard,Northeast,Standard,2025,7,2025-07-01,20753.55,20753.55,0.0,22951.88,-9.6,0.0697
S014,New York Standard 3,Northeast,Standard,2025,7,2025-07-01,23175.05,20753.55,11.7,22951.88,1.0,0.0684
S014,New York Standard 3,Northeast,Standard,2025,8,2025-08-01,22944.2,20332.41,12.8,21476.44,6.8,0.0715
S006,Newark Standard,Northeast,Standard,2025,8,2025-08-01,19887.07,20332.41,-2.2,21476.44,-7.4,0.0558
S008,New York Standard 2,Northeast,Standard,2025,8,2025-08-01,18601.8,20332.41,-8.5,21476.44,-13.4,0.0706
S005,Providence Standard,Northeast,Standard,2025,8,2025-08-01,20258.29,20332.41,-0.4,21476.44,-5.7,0.0816
S012,Newark Standard 2,Northeast,Standard,2025,8,2025-08-01,24557.68,20332.41,20.8,21476.44,14.3,0.0607
S013,Boston Standard 3,Northeast,Standard,2025,8,2025-08-01,20332.41,20332.41,0.0,21476.44,-5.3,0.0686
S011,Providence Standard 2,Northeast,Standard,2025,8,2025-08-01,21476.44,20332.41,5.6,21476.44,0.0,0.0768
S010,Hartford Standard 2,Northeast,Standard,2025,8,2025-08-01,26413.97,20332.41,29.9,21476.44,23.0,0.0666
S002,New York Standard,Northeast,Standard,2025,8,2025-08-01,25444.25,20332.41,25.1,21476.44,18.5,0.0583
S009,Philadelphia Standard 2,Northeast,Standard,2025,8,2025-08-01,22976.01,20332.41,13.0,21476.44,7.0,0.0684
S007,Boston Standard 2,Northeast,Standard,2025,8,2025-08-01,19367.41,20332.41,-4.7,21476.44,-9.8,0.0671
S012,Newark Standard 2,Northeast,Standard,2025,9,2025-09-01,20476.06,21436.88,-4.5,22128.71,-7.5,0.0788
S010,Hartford Standard 2,Northeast,Standard,2025,9,2025-09-01,24932.26,21436.88,16.3,22128.71,12.7,0.0675
S013,Boston Standard 3,Northeast,Standard,2025,9,2025-09-01,21436.88,21436.88,0.0,22128.71,-3.1,0.0642
S011,Providence Standard 2,Northeast,Standard,2025,9,2025-09-01,26250.91,21436.88,22.5,22128.71,18.6,0.0752
S008,New York Standard 2,Northeast,Standard,2025,9,2025-09-01,18754.03,21436.88,-12.5,22128.71,-15.3,0.0859
S009,Philadelphia Standard 2,Northeast,Standard,2025,9,2025-09-01,27736.9,21436.88,29.4,22128.71,25.3,0.0582
S005,Providence Standard,Northeast,Standard,2025,9,2025-09-01,22309.64,21436.88,4.1,22128.71,0.8,0.0795
S014,New York Standard 3,Northeast,Standard,2025,9,2025-09-01,22128.71,21436.88,3.2,22128.71,0.0,0.0872
S007,Boston Standard 2,Northeast,Standard,2025,9,2025-09-01,18963.41,21436.88,-11.5,22128.71,-14.3,0.0655
S006,Newark Standard,Northeast,Standard,2025,9,2025-09-01,18722.42,21436.88,-12.7,22128.71,-15.4,0.0798
S002,New York Standard,Northeast,Standard,2025,9,2025-09-01,24536.12,21436.88,14.5,22128.71,10.9,0.0923
S005,Providence Standard,Northeast,Standard,2025,10,2025-10-01,20204.95,22253.3,-9.2,22322.37,-9.5,0.0696
S007,Boston Standard 2,Northeast,Standard,2025,10,2025-10-01,22253.3,22253.3,0.0,22322.37,-0.3,0.0499
S011,Providence Standard 2,Northeast,Standard,2025,10,2025-10-01,24744.46,22253.3,11.2,22322.37,10.9,0.0812
S002,New York Standard,Northeast,Standard,2025,10,2025-10-01,26170.23,22253.3,17.6,22322.37,17.2,0.0631
S009,Philadelphia Standard 2,Northeast,Standard,2025,10,2025-10-01,27480.54,22253.3,23.5,22322.37,23.1,0.092
S014,New York Standard 3,Northeast,Standard,2025,10,2025-10-01,22322.37,22253.3,0.3,22322.37,0.0,0.0691
S008,New York Standard 2,Northeast,Standard,2025,10,2025-10-01,21148.53,22253.3,-5.0,22322.37,-5.3,0.0743
S013,Boston Standard 3,Northeast,Standard,2025,10,2025-10-01,21670.65,22253.3,-2.6,22322.37,-2.9,0.07
S012,Newark Standard 2,Northeast,Standard,2025,10,2025-10-01,20314.14,22253.3,-8.7,22322.37,-9.0,0.0728
S006,Newark Standard,Northeast,Standard,2025,10,2025-10-01,23612.18,22253.3,6.1,22322.37,5.8,0.0734
S010,Hartford Standard 2,Northeast,Standard,2025,10,2025-10-01,31313.01,22253.3,40.7,22322.37,40.3,0.0768
S014,New York Standard 3,Northeast,Standard,2025,11,2025-11-01,30412.29,29593.63,2.8,30412.29,0.0,0.0672
S012,Newark Standard 2,Northeast,Standard,2025,11,2025-11-01,26274.29,29593.63,-11.2,30412.29,-13.6,0.0649
S005,Providence Standard,Northeast,Standard,2025,11,2025-11-01,24613.35,29593.63,-16.8,30412.29,-19.1,0.0728
S011,Providence Standard 2,Northeast,Standard,2025,11,2025-11-01,29014.82,29593.63,-2.0,30412.29,-4.6,0.0593
S008,New York Standard 2,Northeast,Standard,2025,11,2025-11-01,25380.61,29593.63,-14.2,30412.29,-16.5,0.0647
S007,Boston Standard 2,Northeast,Standard,2025,11,2025-11-01,31605.86,29593.63,6.8,30412.29,3.9,0.0823
S009,Philadelphia Standard 2,Northeast,Standard,2025,11,2025-11-01,31862.4,29593.63,7.7,30412.29,4.8,0.0873
S002,New York Standard,Northeast,Standard,2025,11,2025-11-01,36762.62,29593.63,24.2,30412.29,20.9,0.0786
S006,Newark Standard,Northeast,Standard,2025,11,2025-11-01,29593.63,29593.63,0.0,30412.29,-2.7,0.0628
S010,Hartford Standard 2,Northeast,Standard,2025,11,2025-11-01,30787.83,29593.63,4.0,30412.29,1.2,0.0857
S013,Boston Standard 3,Northeast,Standard,2025,11,2025-11-01,30419.25,29593.63,2.8,30412.29,0.0,0.0747
S005,Providence Standard,Northeast,Standard,2025,12,2025-12-01,25127.98,32080.89,-21.7,32412.34,-22.5,0.0754
S011,Providence Standard 2,Northeast,Standard,2025,12,2025-12-01,32080.89,32080.89,0.0,32412.34,-1.0,0.0674
S006,Newark Standard,Northeast,Standard,2025,12,2025-12-01,30823.77,32080.89,-3.9,32412.34,-4.9,0.0854
S012,Newark Standard 2,Northeast,Standard,2025,12,2025-12-01,32917.61,32080.89,2.6,32412.34,1.6,0.0896
S008,New York Standard 2,Northeast,Standard,2025,12,2025-12-01,25592.93,32080.89,-20.2,32412.34,-21.0,0.0595
S002,New York Standard,Northeast,Standard,2025,12,2025-12-01,35522.39,32080.89,10.7,32412.34,9.6,0.0786
S007,Boston Standard 2,Northeast,Standard,2025,12,2025-12-01,32412.34,32080.89,1.0,32412.34,0.0,0.0885
S009,Philadelphia Standard 2,Northeast,Standard,2025,12,2025-12-01,37702.16,32080.89,17.5,32412.34,16.3,0.0729
S010,Hartford Standard 2,Northeast,Standard,2025,12,2025-12-01,38930.31,32080.89,21.4,32412.34,20.1,0.0615
S014,New York Standard 3,Northeast,Standard,2025,12,2025-12-01,32846.16,32080.89,2.4,32412.34,1.3,0.0821
S013,Boston Standard 3,Northeast,Standard,2025,12,2025-12-01,23473.0,32080.89,-26.8,32412.34,-27.6,0.0869
S025,Orlando Express 2,Southeast,Express,2024,1,2024-01-01,7134.28,14439.56,-50.6,7090.13,0.6,0.0765
S018,Nashville Express,Southeast,Express,2024,1,2024-01-01,7090.13,14439.56,-50.9,7090.13,0.0,0.0694
S018,Nashville Express,Southeast,Express,2024,2,2024-02-01,6307.11,14293.83,-55.9,4742.67,33.0,0.0467
S025,Orlando Express 2,Southeast,Express,2024,2,2024-02-01,4742.67,14293.83,-66.8,4742.67,0.0,0.0732
S018,Nashville Express,Southeast,Express,2024,3,2024-03-01,10737.22,20358.18,-47.3,7340.43,46.3,0.0836
S025,Orlando Express 2,Southeast,Express,2024,3,2024-03-01,7340.43,20358.18,-63.9,7340.43,0.0,0.0792
S018,Nashville Express,Southeast,Express,2024,4,2024-04-01,8344.27,21082.34,-60.4,7144.02,16.8,0.0618
S025,Orlando Express 2,Southeast,Express,2024,4,2024-04-01,7144.02,21082.34,-66.1,7144.02,0.0,0.0644
S025,Orlando Express 2,Southeast,Express,2024,5,2024-05-01,8910.18,21725.89,-59.0,8796.56,1.3,0.0616
S018,Nashville Express,Southeast,Express,2024,5,2024-05-01,8796.56,21725.89,-59.5,8796.56,0.0,0.0764
S018,Nashville Express,Southeast,Express,2024,6,2024-06-01,9555.26,19993.04,-52.2,7018.4,36.1,0.0489
S025,Orlando Express 2,Southeast,Express,2024,6,2024-06-01,7018.4,19993.04,-64.9,7018.4,0.0,0.1156
S018,Nashville Express,Southeast,Express,2024,7,2024-07-01,9245.73,20196.48,-54.2,8455.18,9.3,0.0698
S025,Orlando Express 2,Southeast,Express,2024,7,2024-07-01,8455.18,20196.48,-58.1,8455.18,0.0,0.0817
S018,Nashville Express,Southeast,Express,2024,8,2024-08-01,7197.33,20636.94,-65.1,6935.97,3.8,0.0669
S025,Orlando Express 2,Southeast,Express,2024,8,2024-08-01,6935.97,20636.94,-66.4,6935.97,0.0,0.0593
S025,Orlando Express 2,Southeast,Express,2024,9,2024-09-01,6411.14,17700.64,-63.8,6411.14,0.0,0.087
S018,Nashville Express,Southeast,Express,2024,9,2024-09-01,8134.17,17700.64,-54.0,6411.14,26.9,0.0528
S025,Orlando Express 2,Southeast,Express,2024,10,2024-10-01,8555.59,20137.83,-57.5,8555.59,0.0,0.0471
S018,Nashville Express,Southeast,Express,2024,10,2024-10-01,8659.69,20137.83,-57.0,8555.59,1.2,0.0772
S025,Orlando Express 2,Southeast,Express,2024,11,2024-11-01,8132.67,22631.13,-64.1,8132.67,0.0,0.0712
S018,Nashville Express,Southeast,Express,2024,11,2024-11-01,10359.1,22631.13,-54.2,8132.67,27.4,0.0801
S018,Nashville Express,Southeast,Express,2024,12,2024-12-01,15232.39,31212.61,-51.2,9230.9,65.0,0.0713
S025,Orlando Express 2,Southeast,Express,2024,12,2024-12-01,9230.9,31212.61,-70.4,9230.9,0.0,0.0707
S025,Orlando Express 2,Southeast,Express,2025,1,2025-01-01,6684.17,16758.65,-60.1,6684.17,0.0,0.0766
S018,Nashville Express,Southeast,Express,2025,1,2025-01-01,6990.16,16758.65,-58.3,6684.17,4.6,0.0588
S025,Orlando Express 2,Southeast,Express,2025,2,2025-02-01,7827.64,15759.04,-50.3,7827.64,0.0,0.0421
S018,Nashville Express,Southeast,Express,2025,2,2025-02-01,8016.79,15759.04,-49.1,7827.64,2.4,0.0518
S018,Nashville Express,Southeast,Express,2025,3,2025-03-01,8358.74,19786.57,-57.8,8358.74,0.0,0.0812
S025,Orlando Express 2,Southeast,Express,2025,3,2025-03-01,8644.0,19786.57,-56.3,8358.74,3.4,0.0756
S018,Nashville Express,Southeast,Express,2025,4,2025-04-01,7540.73,20097.56,-62.5,6111.98,23.4,0.0541
S025,Orlando Express 2,Southeast,Express,2025,4,2025-04-01,6111.98,20097.56,-69.6,6111.98,0.0,0.0553
S018,Nashville Express,Southeast,Express,2025,5,2025-05-01,10541.76,22530.71,-53.2,8711.69,21.0,0.0755
S025,Orlando Express 2,Southeast,Express,2025,5,2025-05-01,8711.69,22530.71,-61.3,8711.69,0.0,0.0714
S018,Nashville Express,Southeast,Express,2025,6,2025-06-01,9024.39,21299.23,-57.6,7883.27,14.5,0.0833
S025,Orlando Express 2,Southeast,Express,2025,6,2025-06-01,7883.27,21299.23,-63.0,7883.27,0.0,0.0655
S025,Orlando Express 2,Southeast,Express,2025,7,2025-07-01,7749.36,19375.03,-60.0,7749.36,0.0,0.0687
S018,Nashville Express,Southeast,Express,2025,7,2025-07-01,9851.13,19375.03,-49.2,7749.36,27.1,0.0631
S025,Orlando Express 2,Southeast,Express,2025,8,2025-08-01,5608.0,19346.03,-71.0,5608.0,0.0,0.0517
S018,Nashville Express,Southeast,Express,2025,8,2025-08-01,9211.87,19346.03,-52.4,5608.0,64.3,0.0787
S018,Nashville Express,Southeast,Express,2025,9,2025-09-01,7527.7,19718.59,-61.8,7527.7,0.0,0.1033
S025,Orlando Express 2,Southeast,Express,2025,9,2025-09-01,8154.46,19718.59,-58.6,7527.7,8.3,0.0586
S018,Nashville Express,Southeast,Express,2025,10,2025-10-01,11350.55,20078.45,-43.5,9353.65,21.3,0.0563
S025,Orlando Express 2,Southeast,Express,2025,10,2025-10-01,9353.65,20078.45,-53.4,9353.65,0.0,0.0642
S025,Orlando Express 2,Southeast,Express,2025,11,2025-11-01,11626.41,27104.76,-57.1,11575.91,0.4,0.073
S018,Nashville Express,Southeast,Express,2025,11,2025-11-01,11575.91,27104.76,-57.3,11575.91,0.0,0.0765
S025,Orlando Express 2,Southeast,Express,2025,12,2025-12-01,8570.42,27372.1,-68.7,8570.42,0.0,0.0746
S018,Nashville Express,Southeast,Express,2025,12,2025-12-01,16662.76,27372.1,-39.1,8570.42,94.4,0.0679
S015,Atlanta Flagship,Southeast,Flagship,2024,1,2024-01-01,34170.33,14439.56,136.6,32733.38,4.4,0.0723
S021,Atlanta Flagship 2,Southeast,Flagship,2024,1,2024-01-01,32733.38,14439.56,126.7,32733.38,0.0,0.0712
S015,Atlanta Flagship,Southeast,Flagship,2024,2,2024-02-01,35574.57,14293.83,148.9,28638.96,24.2,0.0623
S021,Atlanta Flagship 2,Southeast,Flagship,2024,2,2024-02-01,28638.96,14293.83,100.4,28638.96,0.0,0.0699
S021,Atlanta Flagship 2,Southeast,Flagship,2024,3,2024-03-01,39760.4,20358.18,95.3,39760.4,0.0,0.0767
S015,Atlanta Flagship,Southeast,Flagship,2024,3,2024-03-01,43370.95,20358.18,113.0,39760.4,9.1,0.074
S021,Atlanta Flagship 2,Southeast,Flagship,2024,4,2024-04-01,35992.68,21082.34,70.7,35992.68,0.0,0.062
S015,Atlanta Flagship,Southeast,Flagship,2024,4,2024-04-01,39020.03,21082.34,85.1,35992.68,8.4,0.0683
S015,Atlanta Flagship,Southeast,Flagship,2024,5,2024-05-01,44898.52,21725.89,106.7,44636.43,0.6,0.0674
S021,Atlanta Flagship 2,Southeast,Flagship,2024,5,2024-05-01,44636.43,21725.89,105.5,44636.43,0.0,0.0865
S021,Atlanta Flagship 2,Southeast,Flagship,2024,6,2024-06-01,41435.57,19993.04,107.2,41435.57,0.0,0.0575
S015,Atlanta Flagship,Southeast,Flagship,2024,6,2024-06-01,43816.82,19993.04,119.2,41435.57,5.7,0.0761
S015,Atlanta Flagship,Southeast,Flagship,2024,7,2024-07-01,48733.68,20196.48,141.3,39051.16,24.8,0.0738
S021,Atlanta Flagship 2,Southeast,Flagship,2024,7,2024-07-01,39051.16,20196.48,93.4,39051.16,0.0,0.073
S021,Atlanta Flagship 2,Southeast,Flagship,2024,8,2024-08-01,39708.86,20636.94,92.4,39708.86,0.0,0.0737
S015,Atlanta Flagship,Southeast,Flagship,2024,8,2024-08-01,47577.01,20636.94,130.5,39708.86,19.8,0.0662
S021,Atlanta Flagship 2,Southeast,Flagship,2024,9,2024-09-01,42138.02,17700.64,138.1,42138.02,0.0,0.0778
S015,Atlanta Flagship,Southeast,Flagship,2024,9,2024-09-01,43916.95,17700.64,148.1,42138.02,4.2,0.0771
S015,Atlanta Flagship,Southeast,Flagship,2024,10,2024-10-01,46571.35,20137.83,131.3,43722.37,6.5,0.0667
S021,Atlanta Flagship 2,Southeast,Flagship,2024,10,2024-10-01,43722.37,20137.83,117.1,43722.37,0.0,0.0718
S021,Atlanta Flagship 2,Southeast,Flagship,2024,11,2024-11-01,47181.31,22631.13,108.5,47181.31,0.0,0.0706
S015,Atlanta Flagship,Southeast,Flagship,2024,11,2024-11-01,61880.44,22631.13,173.4,47181.31,31.2,0.0672
S015,Atlanta Flagship,Southeast,Flagship,2024,12,2024-12-01,74799.14,31212.61,139.6,63739.89,17.4,0.0657
S021,Atlanta Flagship 2,Southeast,Flagship,2024,12,2024-12-01,63739.89,31212.61,104.2,63739.89,0.0,0.0756
S015,Atlanta Flagship,Southeast,Flagship,2025,1,2025-01-01,35066.66,16758.65,109.2,35066.66,0.0,0.0751
S021,Atlanta Flagship 2,Southeast,Flagship,2025,1,2025-01-01,36641.74,16758.65,118.6,35066.66,4.5,0.0575
S021,Atlanta Flagship 2,Southeast,Flagship,2025,2,2025-02-01,32279.12,15759.04,104.8,32279.12,0.0,0.0663
S015,Atlanta Flagship,Southeast,Flagship,2025,2,2025-02-01,35644.44,15759.04,126.2,32279.12,10.4,0.0656
S021,Atlanta Flagship 2,Southeast,Flagship,2025,3,2025-03-01,43086.66,19786.57,117.8,43086.66,0.0,0.0734
S015,Atlanta Flagship,Southeast,Flagship,2025,3,2025-03-01,46355.99,19786.57,134.3,43086.66,7.6,0.0864
S021,Atlanta Flagship 2,Southeast,Flagship,2025,4,2025-04-01,36322.39,20097.56,80.7,36322.39,0.0,0.0718
S015,Atlanta Flagship,Southeast,Flagship,2025,4,2025-04-01,45243.9,20097.56,125.1,36322.39,24.6,0.0597
S015,Atlanta Flagship,Southeast,Flagship,2025,5,2025-05-01,50432.63,22530.71,123.8,45998.49,9.6,0.0593
S021,Atlanta Flagship 2,Southeast,Flagship,2025,5,2025-05-01,45998.49,22530.71,104.2,45998.49,0.0,0.0617
S015,Atlanta Flagship,Southeast,Flagship,2025,6,2025-06-01,46798.23,21299.23,119.7,40047.79,16.9,0.0651
S021,Atlanta Flagship 2,Southeast,Flagship,2025,6,2025-06-01,40047.79,21299.23,88.0,40047.79,0.0,0.0749
S015,Atlanta Flagship,Southeast,Flagship,2025,7,2025-07-01,46315.05,19375.03,139.0,39613.18,16.9,0.0708
S021,Atlanta Flagship 2,Southeast,Flagship,2025,7,2025-07-01,39613.18,19375.03,104.5,39613.18,0.0,0.0678
S021,Atlanta Flagship 2,Southeast,Flagship,2025,8,2025-08-01,41230.51,19346.03,113.1,41230.51,0.0,0.0769
S015,Atlanta Flagship,Southeast,Flagship,2025,8,2025-08-01,46079.83,19346.03,138.2,41230.51,11.8,0.0734
S015,Atlanta Flagship,Southeast,Flagship,2025,9,2025-09-01,47601.75,19718.59,141.4,37039.19,28.5,0.068
S021,Atlanta Flagship 2,Southeast,Flagship,2025,9,2025-09-01,37039.19,19718.59,87.8,37039.19,0.0,0.0667
S015,Atlanta Flagship,Southeast,Flagship,2025,10,2025-10-01,49276.53,20078.45,145.4,45444.64,8.4,0.0605
S021,Atlanta Flagship 2,Southeast,Flagship,2025,10,2025-10-01,45444.64,20078.45,126.3,45444.64,0.0,0.0753
S021,Atlanta Flagship 2,Southeast,Flagship,2025,11,2025-11-01,52244.45,27104.76,92.8,52244.45,0.0,0.0781
S015,Atlanta Flagship,Southeast,Flagship,2025,11,2025-11-01,57852.62,27104.76,113.4,52244.45,10.7,0.0671
S021,Atlanta Flagship 2,Southeast,Flagship,2025,12,2025-12-01,58753.65,27372.1,114.6,58753.65,0.0,0.0706
S015,Atlanta Flagship,Southeast,Flagship,2025,12,2025-12-01,64509.45,27372.1,135.7,58753.65,9.8,0.0773
S017,Charlotte Outlet,Southeast,Outlet,2024,1,2024-01-01,21250.77,14439.56,47.2,10562.02,101.2,0.078
S026,Raleigh Outlet 2,Southeast,Outlet,2024,1,2024-01-01,10562.02,14439.56,-26.9,10562.02,0.0,0.0841
S026,Raleigh Outlet 2,Southeast,Outlet,2024,2,2024-02-01,9082.47,14293.83,-36.5,9082.47,0.0,0.075
S017,Charlotte Outlet,Southeast,Outlet,2024,2,2024-02-01,24151.67,14293.83,69.0,9082.47,165.9,0.0747
S017,Charlotte Outlet,Southeast,Outlet,2024,3,2024-03-01,31467.28,20358.18,54.6,17142.22,83.6,0.0724
S026,Raleigh Outlet 2,Southeast,Outlet,2024,3,2024-03-01,17142.22,20358.18,-15.8,17142.22,0.0,0.0521
S017,Charlotte Outlet,Southeast,Outlet,2024,4,2024-04-01,27175.71,21082.34,28.9,13412.92,102.6,0.0687
S026,Raleigh Outlet 2,Southeast,Outlet,2024,4,2024-04-01,13412.92,21082.34,-36.4,13412.92,0.0,0.1034
S017,Charlotte Outlet,Southeast,Outlet,2024,5,2024-05-01,28407.18,21725.89,30.8,13642.78,108.2,0.0724
S026,Raleigh Outlet 2,Southeast,Outlet,2024,5,2024-05-01,13642.78,21725.89,-37.2,13642.78,0.0,0.0658
S017,Charlotte Outlet,Southeast,Outlet,2024,6,2024-06-01,29073.22,19993.04,45.4,13609.44,113.6,0.0682
S026,Raleigh Outlet 2,Southeast,Outlet,2024,6,2024-06-01,13609.44,19993.04,-31.9,13609.44,0.0,0.0716
S017,Charlotte Outlet,Southeast,Outlet,2024,7,2024-07-01,23459.4,20196.48,16.2,11843.36,98.1,0.0652
S026,Raleigh Outlet 2,Southeast,Outlet,2024,7,2024-07-01,11843.36,20196.48,-41.4,11843.36,0.0,0.0654
S017,Charlotte Outlet,Southeast,Outlet,2024,8,2024-08-01,30769.26,20636.94,49.1,13325.34,130.9,0.0637
S026,Raleigh Outlet 2,Southeast,Outlet,2024,8,2024-08-01,13325.34,20636.94,-35.4,13325.34,0.0,0.0767
S017,Charlotte Outlet,Southeast,Outlet,2024,9,2024-09-01,34648.74,17700.64,95.7,12393.82,179.6,0.0698
S026,Raleigh Outlet 2,Southeast,Outlet,2024,9,2024-09-01,12393.82,17700.64,-30.0,12393.82,0.0,0.0636
S017,Charlotte Outlet,Southeast,Outlet,2024,10,2024-10-01,32014.66,20137.83,59.0,16828.06,90.2,0.0623
S026,Raleigh Outlet 2,Southeast,Outlet,2024,10,2024-10-01,16828.06,20137.83,-16.4,16828.06,0.0,0.0769
S026,Raleigh Outlet 2,Southeast,Outlet,2024,11,2024-11-01,19098.41,22631.13,-15.6,19098.41,0.0,0.081
S017,Charlotte Outlet,Southeast,Outlet,2024,11,2024-11-01,32808.07,22631.13,45.0,19098.41,71.8,0.0571
S017,Charlotte Outlet,Southeast,Outlet,2024,12,2024-12-01,41336.92,31212.61,32.4,18065.63,128.8,0.0756
S026,Raleigh Outlet 2,Southeast,Outlet,2024,12,2024-12-01,18065.63,31212.61,-42.1,18065.63,0.0,0.0566
S017,Charlotte Outlet,Southeast,Outlet,2025,1,2025-01-01,21863.65,16758.65,30.5,12357.22,76.9,0.0771
S026,Raleigh Outlet 2,Southeast,Outlet,2025,1,2025-01-01,12357.22,16758.65,-26.3,12357.22,0.0,0.0874
S026,Raleigh Outlet 2,Southeast,Outlet,2025,2,2025-02-01,8820.95,15759.04,-44.0,8820.95,0.0,0.0642
S017,Charlotte Outlet,Southeast,Outlet,2025,2,2025-02-01,20968.2,15759.04,33.1,8820.95,137.7,0.0773
S017,Charlotte Outlet,Southeast,Outlet,2025,3,2025-03-01,31039.24,19786.57,56.9,15826.97,96.1,0.0862
S026,Raleigh Outlet 2,Southeast,Outlet,2025,3,2025-03-01,15826.97,19786.57,-20.0,15826.97,0.0,0.0907
S017,Charlotte Outlet,Southeast,Outlet,2025,4,2025-04-01,28225.11,20097.56,40.4,11967.4,135.8,0.0707
S026,Raleigh Outlet 2,Southeast,Outlet,2025,4,2025-04-01,11967.4,20097.56,-40.5,11967.4,0.0,0.0925
S017,Charlotte Outlet,Southeast,Outlet,2025,5,2025-05-01,28566.11,22530.71,26.8,14657.84,94.9,0.0763
S026,Raleigh Outlet 2,Southeast,Outlet,2025,5,2025-05-01,14657.84,22530.71,-34.9,14657.84,0.0,0.0716
S017,Charlotte Outlet,Southeast,Outlet,2025,6,2025-06-01,29204.27,21299.23,37.1,16944.56,72.4,0.0656
S026,Raleigh Outlet 2,Southeast,Outlet,2025,6,2025-06-01,16944.56,21299.23,-20.4,16944.56,0.0,0.0732
S026,Raleigh Outlet 2,Southeast,Outlet,2025,7,2025-07-01,12978.11,19375.03,-33.0,12978.11,0.0,0.0758
S017,Charlotte Outlet,Southeast,Outlet,2025,7,2025-07-01,30103.63,19375.03,55.4,12978.11,132.0,0.069
S026,Raleigh Outlet 2,Southeast,Outlet,2025,8,2025-08-01,15908.79,19346.03,-17.8,15908.79,0.0,0.0766
S017,Charlotte Outlet,Southeast,Outlet,2025,8,2025-08-01,28717.08,19346.03,48.4,15908.79,80.5,0.0703
S017,Charlotte Outlet,Southeast,Outlet,2025,9,2025-09-01,29629.0,19718.59,50.3,13948.27,112.4,0.0799
S026,Raleigh Outlet 2,Southeast,Outlet,2025,9,2025-09-01,13948.27,19718.59,-29.3,13948.27,0.0,0.0778
S026,Raleigh Outlet 2,Southeast,Outlet,2025,10,2025-10-01,16364.72,20078.45,-18.5,16364.72,0.0,0.0856
S017,Charlotte Outlet,Southeast,Outlet,2025,10,2025-10-01,32160.02,20078.45,60.2,16364.72,96.5,0.0576
S026,Raleigh Outlet 2,Southeast,Outlet,2025,11,2025-11-01,20330.27,27104.76,-25.0,20330.27,0.0,0.0794
S017,Charlotte Outlet,Southeast,Outlet,2025,11,2025-11-01,40985.34,27104.76,51.2,20330.27,101.6,0.0689
S026,Raleigh Outlet 2,Southeast,Outlet,2025,12,2025-12-01,20841.37,27372.1,-23.9,20841.37,0.0,0.0769
S017,Charlotte Outlet,Southeast,Outlet,2025,12,2025-12-01,36351.66,27372.1,32.8,20841.37,74.4,0.0666
S023,Charlotte Standard 2,Southeast,Standard,2024,1,2024-01-01,14439.56,14439.56,0.0,14439.56,0.0,0.0549
S024,Nashville Standard 2,Southeast,Standard,2024,1,2024-01-01,19275.94,14439.56,33.5,14439.56,33.5,0.0585
S016,Miami Standard,Southeast,Standard,2024,1,2024-01-01,16051.82,14439.56,11.2,14439.56,11.2,0.0755
S019,Orlando Standard,Southeast,Standard,2024,1,2024-01-01,14375.47,14439.56,-0.4,14439.56,-0.4,0.0857
S020,Raleigh Standard,Southeast,Standard,2024,1,2024-01-01,12713.59,14439.56,-12.0,14439.56,-12.0,0.0537
S022,Miami Standard 2,Southeast,Standard,2024,1,2024-01-01,17550.11,14439.56,21.5,14439.56,21.5,0.0644
S019,Orlando Standard,Southeast,Standard,2024,2,2024-02-01,14114.21,14293.83,-1.3,14293.83,-1.3,0.0751
S024,Nashville Standard 2,Southeast,Standard,2024,2,2024-02-01,16389.73,14293.83,14.7,14293.83,14.7,0.0476
S016,Miami Standard,Southeast,Standard,2024,2,2024-02-01,15562.94,14293.83,8.9,14293.83,8.9,0.073
S022,Miami Standard 2,Southeast,Standard,2024,2,2024-02-01,14514.59,14293.83,1.5,14293.83,1.5,0.0687
S023,Charlotte Standard 2,Southeast,Standard,2024,2,2024-02-01,12349.08,14293.83,-13.6,14293.83,-13.6,0.0663
S020,Raleigh Standard,Southeast,Standard,2024,2,2024-02-01,14293.83,14293.83,0.0,14293.83,0.0,0.087
S024,Nashville Standard 2,Southeast,Standard,2024,3,2024-03-01,20358.18,20358.18,0.0,20358.18,0.0,0.0881
S023,Charlotte Standard 2,Southeast,Standard,2024,3,2024-03-01,15880.32,20358.18,-22.0,20358.18,-22.0,0.0803
S022,Miami Standard 2,Southeast,Standard,2024,3,2024-03-01,21770.45,20358.18,6.9,20358.18,6.9,0.0617
S019,Orlando Standard,Southeast,Standard,2024,3,2024-03-01,21197.31,20358.18,4.1,20358.18,4.1,0.0665
S016,Miami Standard,Southeast,Standard,2024,3,2024-03-01,24250.04,20358.18,19.1,20358.18,19.1,0.0787
S020,Raleigh Standard,Southeast,Standard,2024,3,2024-03-01,16391.13,20358.18,-19.5,20358.18,-19.5,0.0779
S016,Miami Standard,Southeast,Standard,2024,4,2024-04-01,18757.35,21082.34,-11.0,21082.34,-11.0,0.0551
S020,Raleigh Standard,Southeast,Standard,2024,4,2024-04-01,21082.34,21082.34,0.0,21082.34,0.0,0.073
S022,Miami Standard 2,Southeast,Standard,2024,4,2024-04-01,25811.91,21082.34,22.4,21082.34,22.4,0.0641
S024,Nashville Standard 2,Southeast,Standard,2024,4,2024-04-01,21660.06,21082.34,2.7,21082.34,2.7,0.0705
S019,Orlando Standard,Southeast,Standard,2024,4,2024-04-01,22498.41,21082.34,6.7,21082.34,6.7,0.0453
S023,Charlotte Standard 2,Southeast,Standard,2024,4,2024-04-01,15206.69,21082.34,-27.9,21082.34,-27.9,0.0811
S022,Miami Standard 2,Southeast,Standard,2024,5,2024-05-01,24574.36,21725.89,13.1,21725.89,13.1,0.0728
S024,Nashville Standard 2,Southeast,Standard,2024,5,2024-05-01,21725.89,21725.89,0.0,21725.89,0.0,0.08
S020,Raleigh Standard,Southeast,Standard,2024,5,2024-05-01,18443.17,21725.89,-15.1,21725.89,-15.1,0.0698
S019,Orlando Standard,Southeast,Standard,2024,5,2024-05-01,23165.59,21725.89,6.6,21725.89,6.6,0.0635
S016,Miami Standard,Southeast,Standard,2024,5,2024-05-01,21977.1,21725.89,1.2,21725.89,1.2,0.0642
S023,Charlotte Standard 2,Southeast,Standard,2024,5,2024-05-01,18744.49,21725.89,-13.7,21725.89,-13.7,0.069
S024,Nashville Standard 2,Southeast,Standard,2024,6,2024-06-01,23787.21,19993.04,19.0,19993.04,19.0,0.0738
S016,Miami Standard,Southeast,Standard,2024,6,2024-06-01,19993.04,19993.04,0.0,19993.04,0.0,0.0682
S023,Charlotte Standard 2,Southeast,Standard,2024,6,2024-06-01,17195.15,19993.04,-14.0,19993.04,-14.0,0.06
S022,Miami Standard 2,Southeast,Standard,2024,6,2024-06-01,22191.73,19993.04,11.0,19993.04,11.0,0.0674
S020,Raleigh Standard,Southeast,Standard,2024,6,2024-06-01,16073.73,19993.04,-19.6,19993.04,-19.6,0.0688
S019,Orlando Standard,Southeast,Standard,2024,6,2024-06-01,22009.07,19993.04,10.1,19993.04,10.1,0.0668
S019,Orlando Standard,Southeast,Standard,2024,7,2024-07-01,21291.94,20196.48,5.4,20196.48,5.4,0.0788
S016,Miami Standard,Southeast,Standard,2024,7,2024-07-01,20196.48,20196.48,0.0,20196.48,0.0,0.0713
S024,Nashville Standard 2,Southeast,Standard,2024,7,2024-07-01,21180.27,20196.48,4.9,20196.48,4.9,0.0558
S022,Miami Standard 2,Southeast,Standard,2024,7,2024-07-01,23489.55,20196.48,16.3,20196.48,16.3,0.0754
S020,Raleigh Standard,Southeast,Standard,2024,7,2024-07-01,14728.02,20196.48,-27.1,20196.48,-27.1,0.0819
S023,Charlotte Standard 2,Southeast,Standard,2024,7,2024-07-01,18203.26,20196.48,-9.9,20196.48,-9.9,0.0713
S023,Charlotte Standard 2,Southeast,Standard,2024,8,2024-08-01,19644.77,20636.94,-4.8,20636.94,-4.8,0.0821
S020,Raleigh Standard,Southeast,Standard,2024,8,2024-08-01,19606.28,20636.94,-5.0,20636.94,-5.0,0.0837
S019,Orlando Standard,Southeast,Standard,2024,8,2024-08-01,20636.94,20636.94,0.0,20636.94,0.0,0.0839
S016,Miami Standard,Southeast,Standard,2024,8,2024-08-01,20856.31,20636.94,1.1,20636.94,1.1,0.0601
S022,Miami Standard 2,Southeast,Standard,2024,8,2024-08-01,27492.33,20636.94,33.2,20636.94,33.2,0.0779
S024,Nashville Standard 2,Southeast,Standard,2024,8,2024-08-01,24024.99,20636.94,16.4,20636.94,16.4,0.0673
S020,Raleigh Standard,Southeast,Standard,2024,9,2024-09-01,15260.92,17700.64,-13.8,17700.64,-13.8,0.0958
S024,Nashville Standard 2,Southeast,Standard,2024,9,2024-09-01,19900.87,17700.64,12.4,17700.64,12.4,0.0784
S019,Orlando Standard,Southeast,Standard,2024,9,2024-09-01,19342.3,17700.64,9.3,17700.64,9.3,0.069
S022,Miami Standard 2,Southeast,Standard,2024,9,2024-09-01,24272.66,17700.64,37.1,17700.64,37.1,0.0821
S016,Miami Standard,Southeast,Standard,2024,9,2024-09-01,17700.64,17700.64,0.0,17700.64,0.0,0.0753
S023,Charlotte Standard 2,Southeast,Standard,2024,9,2024-09-01,17321.25,17700.64,-2.1,17700.64,-2.1,0.0664
S016,Miami Standard,Southeast,Standard,2024,10,2024-10-01,26738.23,20137.83,32.8,20137.83,32.8,0.0556
S022,Miami Standard 2,Southeast,Standard,2024,10,2024-10-01,30451.18,20137.83,51.2,20137.83,51.2,0.0693
S019,Orlando Standard,Southeast,Standard,2024,10,2024-10-01,20137.83,20137.83,0.0,20137.83,0.0,0.064
S024,Nashville Standard 2,Southeast,Standard,2024,10,2024-10-01,26630.98,20137.83,32.2,20137.83,32.2,0.0686
S020,Raleigh Standard,Southeast,Standard,2024,10,2024-10-01,14360.63,20137.83,-28.7,20137.83,-28.7,0.0675
S023,Charlotte Standard 2,Southeast,Standard,2024,10,2024-10-01,18209.87,20137.83,-9.6,20137.83,-9.6,0.0894
S020,Raleigh Standard,Southeast,Standard,2024,11,2024-11-01,21165.88,22631.13,-6.5,22631.13,-6.5,0.0784
S019,Orlando Standard,Southeast,Standard,2024,11,2024-11-01,22631.13,22631.13,0.0,22631.13,0.0,0.0745
S022,Miami Standard 2,Southeast,Standard,2024,11,2024-11-01,29265.7,22631.13,29.3,22631.13,29.3,0.0694
S023,Charlotte Standard 2,Southeast,Standard,2024,11,2024-11-01,21397.83,22631.13,-5.4,22631.13,-5.4,0.0798
S024,Nashville Standard 2,Southeast,Standard,2024,11,2024-11-01,29312.71,22631.13,29.5,22631.13,29.5,0.07
S016,Miami Standard,Southeast,Standard,2024,11,2024-11-01,24550.4,22631.13,8.5,22631.13,8.5,0.0751
S020,Raleigh Standard,Southeast,Standard,2024,12,2024-12-01,24748.4,31212.61,-20.7,31212.61,-20.7,0.0765
S019,Orlando Standard,Southeast,Standard,2024,12,2024-12-01,31714.82,31212.61,1.6,31212.61,1.6,0.0647
S024,Nashville Standard 2,Southeast,Standard,2024,12,2024-12-01,31402.54,31212.61,0.6,31212.61,0.6,0.076
S016,Miami Standard,Southeast,Standard,2024,12,2024-12-01,31212.61,31212.61,0.0,31212.61,0.0,0.0802
S022,Miami Standard 2,Southeast,Standard,2024,12,2024-12-01,31753.63,31212.61,1.7,31212.61,1.7,0.0672
S023,Charlotte Standard 2,Southeast,Standard,2024,12,2024-12-01,29335.79,31212.61,-6.0,31212.61,-6.0,0.0558
S023,Charlotte Standard 2,Southeast,Standard,2025,1,2025-01-01,19313.88,16758.65,15.2,16758.65,15.2,0.0768
S022,Miami Standard 2,Southeast,Standard,2025,1,2025-01-01,15799.14,16758.65,-5.7,16758.65,-5.7,0.0712
S016,Miami Standard,Southeast,Standard,2025,1,2025-01-01,16758.65,16758.65,0.0,16758.65,0.0,0.0723
S024,Nashville Standard 2,Southeast,Standard,2025,1,2025-01-01,19612.09,16758.65,17.0,16758.65,17.0,0.0597
S019,Orlando Standard,Southeast,Standard,2025,1,2025-01-01,19186.55,16758.65,14.5,16758.65,14.5,0.0641
S020,Raleigh Standard,Southeast,Standard,2025,1,2025-01-01,14130.25,16758.65,-15.7,16758.65,-15.7,0.0359
S020,Raleigh Standard,Southeast,Standard,2025,2,2025-02-01,15716.84,15759.04,-0.3,15759.04,-0.3,0.0896
S019,Orlando Standard,Southeast,Standard,2025,2,2025-02-01,15759.04,15759.04,0.0,15759.04,0.0,0.0909
S023,Charlotte Standard 2,Southeast,Standard,2025,2,2025-02-01,13955.76,15759.04,-11.4,15759.04,-11.4,0.0654
S024,Nashville Standard 2,Southeast,Standard,2025,2,2025-02-01,18969.11,15759.04,20.4,15759.04,20.4,0.0719
S016,Miami Standard,Southeast,Standard,2025,2,2025-02-01,22185.1,15759.04,40.8,15759.04,40.8,0.0705
S022,Miami Standard 2,Southeast,Standard,2025,2,2025-02-01,19482.7,15759.04,23.6,15759.04,23.6,0.0605
S023,Charlotte Standard 2,Southeast,Standard,2025,3,2025-03-01,18616.79,19786.57,-5.9,19786.57,-5.9,0.0626
S019,Orlando Standard,Southeast,Standard,2025,3,2025-03-01,19786.57,19786.57,0.0,19786.57,0.0,0.0652
S024,Nashville Standard 2,Southeast,Standard,2025,3,2025-03-01,23666.41,19786.57,19.6,19786.57,19.6,0.056
S016,Miami Standard,Southeast,Standard,2025,3,2025-03-01,21202.19,19786.57,7.2,19786.57,7.2,0.0662
S022,Miami Standard 2,Southeast,Standard,2025,3,2025-03-01,26669.26,19786.57,34.8,19786.57,34.8,0.0833
S020,Raleigh Standard,Southeast,Standard,2025,3,2025-03-01,18338.31,19786.57,-7.3,19786.57,-7.3,0.065
S016,Miami Standard,Southeast,Standard,2025,4,2025-04-01,20097.56,20097.56,0.0,20097.56,0.0,0.046
S024,Nashville Standard 2,Southeast,Standard,2025,4,2025-04-01,24138.91,20097.56,20.1,20097.56,20.1,0.0696
S020,Raleigh Standard,Southeast,Standard,2025,4,2025-04-01,18415.87,20097.56,-8.4,20097.56,-8.4,0.0625
S023,Charlotte Standard 2,Southeast,Standard,2025,4,2025-04-01,17820.42,20097.56,-11.3,20097.56,-11.3,0.0885
S019,Orlando Standard,Southeast,Standard,2025,4,2025-04-01,23988.72,20097.56,19.4,20097.56,19.4,0.081
S022,Miami Standard 2,Southeast,Standard,2025,4,2025-04-01,22428.26,20097.56,11.6,20097.56,11.6,0.0728
S019,Orlando Standard,Southeast,Standard,2025,5,2025-05-01,25238.97,22530.71,12.0,22530.71,12.0,0.0715
S023,Charlotte Standard 2,Southeast,Standard,2025,5,2025-05-01,18429.25,22530.71,-18.2,22530.71,-18.2,0.0637
S016,Miami Standard,Southeast,Standard,2025,5,2025-05-01,22530.71,22530.71,0.0,22530.71,0.0,0.0683
S024,Nashville Standard 2,Southeast,Standard,2025,5,2025-05-01,27768.72,22530.71,23.2,22530.71,23.2,0.067
S020,Raleigh Standard,Southeast,Standard,2025,5,2025-05-01,16413.82,22530.71,-27.1,22530.71,-27.1,0.071
S022,Miami Standard 2,Southeast,Standard,2025,5,2025-05-01,27012.19,22530.71,19.9,22530.71,19.9,0.0886
S024,Nashville Standard 2,Southeast,Standard,2025,6,2025-06-01,21637.39,21299.23,1.6,21299.23,1.6,0.0728
S022,Miami Standard 2,Southeast,Standard,2025,6,2025-06-01,21299.23,21299.23,0.0,21299.23,0.0,0.085
S016,Miami Standard,Southeast,Standard,2025,6,2025-06-01,21725.95,21299.23,2.0,21299.23,2.0,0.0744
S020,Raleigh Standard,Southeast,Standard,2025,6,2025-06-01,17942.12,21299.23,-15.8,21299.23,-15.8,0.0549
S023,Charlotte Standard 2,Southeast,Standard,2025,6,2025-06-01,21511.62,21299.23,1.0,21299.23,1.0,0.0651
S019,Orlando Standard,Southeast,Standard,2025,6,2025-06-01,19365.68,21299.23,-9.1,21299.23,-9.1,0.0828
S022,Miami Standard 2,Southeast,Standard,2025,7,2025-07-01,27251.82,19375.03,40.7,19375.03,40.7,0.0872
S020,Raleigh Standard,Southeast,Standard,2025,7,2025-07-01,17426.59,19375.03,-10.1,19375.03,-10.1,0.0707
S019,Orlando Standard,Southeast,Standard,2025,7,2025-07-01,19375.03,19375.03,0.0,19375.03,0.0,0.0698
S016,Miami Standard,Southeast,Standard,2025,7,2025-07-01,20672.59,19375.03,6.7,19375.03,6.7,0.0699
S024,Nashville Standard 2,Southeast,Standard,2025,7,2025-07-01,26957.96,19375.03,39.1,19375.03,39.1,0.0605
S023,Charlotte Standard 2,Southeast,Standard,2025,7,2025-07-01,18493.45,19375.03,-4.6,19375.03,-4.6,0.0729
S024,Nashville Standard 2,Southeast,Standard,2025,8,2025-08-01,29696.32,19346.03,53.5,19346.03,53.5,0.0545
S019,Orlando Standard,Southeast,Standard,2025,8,2025-08-01,19346.03,19346.03,0.0,19346.03,0.0,0.0704
S023,Charlotte Standard 2,Southeast,Standard,2025,8,2025-08-01,19339.48,19346.03,0.0,19346.03,0.0,0.0648
S016,Miami Standard,Southeast,Standard,2025,8,2025-08-01,20281.22,19346.03,4.8,19346.03,4.8,0.0729
S022,Miami Standard 2,Southeast,Standard,2025,8,2025-08-01,25363.02,19346.03,31.1,19346.03,31.1,0.0754
S020,Raleigh Standard,Southeast,Standard,2025,8,2025-08-01,17879.55,19346.03,-7.6,19346.03,-7.6,0.0769
S022,Miami Standard 2,Southeast,Standard,2025,9,2025-09-01,27060.82,19718.59,37.2,19718.59,37.2,0.0803
S019,Orlando Standard,Southeast,Standard,2025,9,2025-09-01,21207.03,19718.59,7.5,19718.59,7.5,0.1027
S024,Nashville Standard 2,Southeast,Standard,2025,9,2025-09-01,23271.63,19718.59,18.0,19718.59,18.0,0.0694
S016,Miami Standard,Southeast,Standard,2025,9,2025-09-01,19718.59,19718.59,0.0,19718.59,0.0,0.0905
S020,Raleigh Standard,Southeast,Standard,2025,9,2025-09-01,16164.11,19718.59,-18.0,19718.59,-18.0,0.0837
S023,Charlotte Standard 2,Southeast,Standard,2025,9,2025-09-01,15860.37,19718.59,-19.6,19718.59,-19.6,0.0884
S022,Miami Standard 2,Southeast,Standard,2025,10,2025-10-01,27219.87,20078.45,35.6,20078.45,35.6,0.0616
S020,Raleigh Standard,Southeast,Standard,2025,10,2025-10-01,16769.68,20078.45,-16.5,20078.45,-16.5,0.0649
S016,Miami Standard,Southeast,Standard,2025,10,2025-10-01,26663.13,20078.45,32.8,20078.45,32.8,0.0629
S019,Orlando Standard,Southeast,Standard,2025,10,2025-10-01,20078.45,20078.45,0.0,20078.45,0.0,0.0638
S023,Charlotte Standard 2,Southeast,Standard,2025,10,2025-10-01,19088.34,20078.45,-4.9,20078.45,-4.9,0.0808
S024,Nashville Standard 2,Southeast,Standard,2025,10,2025-10-01,27862.6,20078.45,38.8,20078.45,38.8,0.0586
S019,Orlando Standard,Southeast,Standard,2025,11,2025-11-01,27104.76,27104.76,0.0,27104.76,0.0,0.0753
S023,Charlotte Standard 2,Southeast,Standard,2025,11,2025-11-01,23906.26,27104.76,-11.8,27104.76,-11.8,0.0788
S022,Miami Standard 2,Southeast,Standard,2025,11,2025-11-01,33242.88,27104.76,22.6,27104.76,22.6,0.0757
S020,Raleigh Standard,Southeast,Standard,2025,11,2025-11-01,18827.82,27104.76,-30.5,27104.76,-30.5,0.0676
S024,Nashville Standard 2,Southeast,Standard,2025,11,2025-11-01,27815.5,27104.76,2.6,27104.76,2.6,0.0759
S016,Miami Standard,Southeast,Standard,2025,11,2025-11-01,27964.28,27104.76,3.2,27104.76,3.2,0.0821
S016,Miami Standard,Southeast,Standard,2025,12,2025-12-01,27372.1,27372.1,0.0,27372.1,0.0,0.0783
S022,Miami Standard 2,Southeast,Standard,2025,12,2025-12-01,29196.6,27372.1,6.7,27372.1,6.7,0.0583
S020,Raleigh Standard,Southeast,Standard,2025,12,2025-12-01,24129.97,27372.1,-11.8,27372.1,-11.8,0.0644
S023,Charlotte Standard 2,Southeast,Standard,2025,12,2025-12-01,25774.84,27372.1,-5.8,27372.1,-5.8,0.0793
S019,Orlando Standard,Southeast,Standard,2025,12,2025-12-01,28699.71,27372.1,4.9,27372.1,4.9,0.0788
S024,Nashville Standard 2,Southeast,Standard,2025,12,2025-12-01,32239.0,27372.1,17.8,27372.1,17.8,0.0768
S043,Austin Express,Southwest,Express,2024,1,2024-01-01,4085.59,13296.21,-69.3,4085.59,0.0,0.0662
S042,Albuquerque Express,Southwest,Express,2024,1,2024-01-01,7821.44,13296.21,-41.2,4085.59,91.4,0.0424
S042,Albuquerque Express,Southwest,Express,2024,2,2024-02-01,7358.51,12875.99,-42.9,6878.89,7.0,0.0826
S043,Austin Express,Southwest,Express,2024,2,2024-02-01,6878.89,12875.99,-46.6,6878.89,0.0,0.0495
S043,Austin Express,Southwest,Express,2024,3,2024-03-01,5368.64,17164.71,-68.7,5368.64,0.0,0.0697
S042,Albuquerque Express,Southwest,Express,2024,3,2024-03-01,8112.01,17164.71,-52.7,5368.64,51.1,0.0494
S042,Albuquerque Express,Southwest,Express,2024,4,2024-04-01,8610.55,16313.2,-47.2,5893.76,46.1,0.0687
S043,Austin Express,Southwest,Express,2024,4,2024-04-01,5893.76,16313.2,-63.9,5893.76,0.0,0.0684
S042,Albuquerque Express,Southwest,Express,2024,5,2024-05-01,8310.78,17367.26,-52.1,6823.5,21.8,0.0562
S043,Austin Express,Southwest,Express,2024,5,2024-05-01,6823.5,17367.26,-60.7,6823.5,0.0,0.0727
S043,Austin Express,Southwest,Express,2024,6,2024-06-01,7615.07,16545.5,-54.0,7615.07,0.0,0.0732
S042,Albuquerque Express,Southwest,Express,2024,6,2024-06-01,8990.76,16545.5,-45.7,7615.07,18.1,0.089
S043,Austin Express,Southwest,Express,2024,7,2024-07-01,7710.22,16286.46,-52.7,7523.42,2.5,0.0574
S042,Albuquerque Express,Southwest,Express,2024,7,2024-07-01,7523.42,16286.46,-53.8,7523.42,0.0,0.0456
S043,Austin Express,Southwest,Express,2024,8,2024-08-01,8113.18,19045.54,-57.4,8113.18,0.0,0.0576
S042,Albuquerque Express,Southwest,Express,2024,8,2024-08-01,11640.68,19045.54,-38.9,8113.18,43.5,0.0757
S042,Albuquerque Express,Southwest,Express,2024,9,2024-09-01,8777.98,14469.59,-39.3,5778.34,51.9,0.0472
S043,Austin Express,Southwest,Express,2024,9,2024-09-01,5778.34,14469.59,-60.1,5778.34,0.0,0.0585
S043,Austin Express,Southwest,Express,2024,10,2024-10-01,6376.52,15880.88,-59.8,6376.52,0.0,0.0806
S042,Albuquerque Express,Southwest,Express,2024,10,2024-10-01,7157.74,15880.88,-54.9,6376.52,12.3,0.0837
S043,Austin Express,Southwest,Express,2024,11,2024-11-01,8830.42,17578.37,-49.8,8830.42,0.0,0.0842
S042,Albuquerque Express,Southwest,Express,2024,11,2024-11-01,10046.88,17578.37,-42.8,8830.42,13.8,0.0798
S043,Austin Express,Southwest,Express,2024,12,2024-12-01,12268.54,22650.36,-45.8,12268.54,0.0,0.0633
S042,Albuquerque Express,Southwest,Express,2024,12,2024-12-01,13217.2,22650.36,-41.6,12268.54,7.7,0.0652
S042,Albuquerque Express,Southwest,Express,2025,1,2025-01-01,6879.16,13935.07,-50.6,6879.16,0.0,0.0708
S043,Austin Express,Southwest,Express,2025,1,2025-01-01,7924.22,13935.07,-43.1,6879.16,15.2,0.0549
S042,Albuquerque Express,Southwest,Express,2025,2,2025-02-01,8469.84,13250.76,-36.1,5278.57,60.5,0.0659
S043,Austin Express,Southwest,Express,2025,2,2025-02-01,5278.57,13250.76,-60.2,5278.57,0.0,0.0579
S042,Albuquerque Express,Southwest,Express,2025,3,2025-03-01,8330.75,17164.29,-51.5,7564.93,10.1,0.0669
S043,Austin Express,Southwest,Express,2025,3,2025-03-01,7564.93,17164.29,-55.9,7564.93,0.0,0.0383
S043,Austin Express,Southwest,Express,2025,4,2025-04-01,5384.3,15269.46,-64.7,5384.3,0.0,0.0926
S042,Albuquerque Express,Southwest,Express,2025,4,2025-04-01,7673.52,15269.46,-49.7,5384.3,42.5,0.0711
S042,Albuquerque Express,Southwest,Express,2025,5,2025-05-01,8108.31,17932.08,-54.8,7823.67,3.6,0.0863
S043,Austin Express,Southwest,Express,2025,5,2025-05-01,7823.67,17932.08,-56.4,7823.67,0.0,0.0655
S042,Albuquerque Express,Southwest,Express,2025,6,2025-06-01,8353.57,16485.94,-49.3,6985.93,19.6,0.0836
S043,Austin Express,Southwest,Express,2025,6,2025-06-01,6985.93,16485.94,-57.6,6985.93,0.0,0.08
S042,Albuquerque Express,Southwest,Express,2025,7,2025-07-01,7313.48,16140.27,-54.7,6882.15,6.3,0.0691
S043,Austin Express,Southwest,Express,2025,7,2025-07-01,6882.15,16140.27,-57.4,6882.15,0.0,0.0921
S042,Albuquerque Express,Southwest,Express,2025,8,2025-08-01,9315.8,18177.68,-48.8,7013.89,32.8,0.0791
S043,Austin Express,Southwest,Express,2025,8,2025-08-01,7013.89,18177.68,-61.4,7013.89,0.0,0.0513
S043,Austin Express,Southwest,Express,2025,9,2025-09-01,5291.68,16034.58,-67.0,5291.68,0.0,0.0824
S042,Albuquerque Express,Southwest,Express,2025,9,2025-09-01,8214.77,16034.58,-48.8,5291.68,55.2,0.0657
S042,Albuquerque Express,Southwest,Express,2025,10,2025-10-01,9304.54,18708.73,-50.3,8437.24,10.3,0.0772
S043,Austin Express,Southwest,Express,2025,10,2025-10-01,8437.24,18708.73,-54.9,8437.24,0.0,0.0912
S042,Albuquerque Express,Southwest,Express,2025,11,2025-11-01,10283.67,23520.34,-56.3,7276.64,41.3,0.1034
S043,Austin Express,Southwest,Express,2025,11,2025-11-01,7276.64,23520.34,-69.1,7276.64,0.0,0.0876
S042,Albuquerque Express,Southwest,Express,2025,12,2025-12-01,13325.77,22525.1,-40.8,10432.0,27.7,0.1178
S043,Austin Express,Southwest,Express,2025,12,2025-12-01,10432.0,22525.1,-53.7,10432.0,0.0,0.0494
S046,Houston Flagship 2,Southwest,Flagship,2024,1,2024-01-01,26420.03,13296.21,98.7,26420.03,0.0,0.0624
S039,Phoenix Flagship,Southwest,Flagship,2024,1,2024-01-01,28266.4,13296.21,112.6,26420.03,7.0,0.0702
S046,Houston Flagship 2,Southwest,Flagship,2024,2,2024-02-01,23495.06,12875.99,82.5,23495.06,0.0,0.0725
S039,Phoenix Flagship,Southwest,Flagship,2024,2,2024-02-01,29492.16,12875.99,129.0,23495.06,25.5,0.0686
S046,Houston Flagship 2,Southwest,Flagship,2024,3,2024-03-01,35475.93,17164.71,106.7,35475.93,0.0,0.0644
S039,Phoenix Flagship,Southwest,Flagship,2024,3,2024-03-01,42451.99,17164.71,147.3,35475.93,19.7,0.0653
S046,Houston Flagship 2,Southwest,Flagship,2024,4,2024-04-01,29202.88,16313.2,79.0,29202.88,0.0,0.0599
S039,Phoenix Flagship,Southwest,Flagship,2024,4,2024-04-01,38839.76,16313.2,138.1,29202.88,33.0,0.0607
S046,Houston Flagship 2,Southwest,Flagship,2024,5,2024-05-01,37146.97,17367.26,113.9,37146.97,0.0,0.065
S039,Phoenix Flagship,Southwest,Flagship,2024,5,2024-05-01,40229.63,17367.26,131.6,37146.97,8.3,0.0577
S046,Houston Flagship 2,Southwest,Flagship,2024,6,2024-06-01,34374.83,16545.5,107.8,34374.83,0.0,0.0668
S039,Phoenix Flagship,Southwest,Flagship,2024,6,2024-06-01,44863.95,16545.5,171.2,34374.83,30.5,0.07
S039,Phoenix Flagship,Southwest,Flagship,2024,7,2024-07-01,34701.06,16286.46,113.1,28150.15,23.3,0.0667
S046,Houston Flagship 2,Southwest,Flagship,2024,7,2024-07-01,28150.15,16286.46,72.8,28150.15,0.0,0.0435
S039,Phoenix Flagship,Southwest,Flagship,2024,8,2024-08-01,39863.81,19045.54,109.3,31392.98,27.0,0.0747
S046,Houston Flagship 2,Southwest,Flagship,2024,8,2024-08-01,31392.98,19045.54,64.8,31392.98,0.0,0.0833
S046,Houston Flagship 2,Southwest,Flagship,2024,9,2024-09-01,31722.52,14469.59,119.2,31722.52,0.0,0.0708
S039,Phoenix Flagship,Southwest,Flagship,2024,9,2024-09-01,32281.73,14469.59,123.1,31722.52,1.8,0.0684
S039,Phoenix Flagship,Southwest,Flagship,2024,10,2024-10-01,37676.3,15880.88,137.2,33235.84,13.4,0.0679
S046,Houston Flagship 2,Southwest,Flagship,2024,10,2024-10-01,33235.84,15880.88,109.3,33235.84,0.0,0.0677
S046,Houston Flagship 2,Southwest,Flagship,2024,11,2024-11-01,41124.6,17578.37,134.0,41124.6,0.0,0.0675
S039,Phoenix Flagship,Southwest,Flagship,2024,11,2024-11-01,49605.22,17578.37,182.2,41124.6,20.6,0.0758
S046,Houston Flagship 2,Southwest,Flagship,2024,12,2024-12-01,48251.78,22650.36,113.0,48251.78,0.0,0.0703
S039,Phoenix Flagship,Southwest,Flagship,2024,12,2024-12-01,56251.99,22650.36,148.3,48251.78,16.6,0.0671
S039,Phoenix Flagship,Southwest,Flagship,2025,1,2025-01-01,38971.29,13935.07,179.7,25352.47,53.7,0.0573
S046,Houston Flagship 2,Southwest,Flagship,2025,1,2025-01-01,25352.47,13935.07,81.9,25352.47,0.0,0.0589
S039,Phoenix Flagship,Southwest,Flagship,2025,2,2025-02-01,35424.54,13250.76,167.3,29451.83,20.3,0.0729
S046,Houston Flagship 2,Southwest,Flagship,2025,2,2025-02-01,29451.83,13250.76,122.3,29451.83,0.0,0.0711
S039,Phoenix Flagship,Southwest,Flagship,2025,3,2025-03-01,42758.37,17164.29,149.1,34913.99,22.5,0.0716
S046,Houston Flagship 2,Southwest,Flagship,2025,3,2025-03-01,34913.99,17164.29,103.4,34913.99,0.0,0.0738
S046,Houston Flagship 2,Southwest,Flagship,2025,4,2025-04-01,33245.43,15269.46,117.7,33245.43,0.0,0.0719
S039,Phoenix Flagship,Southwest,Flagship,2025,4,2025-04-01,39492.4,15269.46,158.6,33245.43,18.8,0.0653
S039,Phoenix Flagship,Southwest,Flagship,2025,5,2025-05-01,46656.39,17932.08,160.2,39749.9,17.4,0.0586
S046,Houston Flagship 2,Southwest,Flagship,2025,5,2025-05-01,39749.9,17932.08,121.7,39749.9,0.0,0.0604
S039,Phoenix Flagship,Southwest,Flagship,2025,6,2025-06-01,43937.8,16485.94,166.5,32435.68,35.5,0.0751
S046,Houston Flagship 2,Southwest,Flagship,2025,6,2025-06-01,32435.68,16485.94,96.7,32435.68,0.0,0.064
S046,Houston Flagship 2,Southwest,Flagship,2025,7,2025-07-01,29162.73,16140.27,80.7,29162.73,0.0,0.064
S039,Phoenix Flagship,Southwest,Flagship,2025,7,2025-07-01,43991.02,16140.27,172.6,29162.73,50.8,0.0784
S046,Houston Flagship 2,Southwest,Flagship,2025,8,2025-08-01,34604.71,18177.68,90.4,34604.71,0.0,0.0615
S039,Phoenix Flagship,Southwest,Flagship,2025,8,2025-08-01,40711.6,18177.68,124.0,34604.71,17.6,0.0794
S046,Houston Flagship 2,Southwest,Flagship,2025,9,2025-09-01,28319.54,16034.58,76.6,28319.54,0.0,0.0672
S039,Phoenix Flagship,Southwest,Flagship,2025,9,2025-09-01,34297.58,16034.58,113.9,28319.54,21.1,0.0681
S039,Phoenix Flagship,Southwest,Flagship,2025,10,2025-10-01,46237.35,18708.73,147.1,34354.72,34.6,0.0783
S046,Houston Flagship 2,Southwest,Flagship,2025,10,2025-10-01,34354.72,18708.73,83.6,34354.72,0.0,0.0573
S039,Phoenix Flagship,Southwest,Flagship,2025,11,2025-11-01,55238.6,23520.34,134.9,45565.05,21.2,0.0769
S046,Houston Flagship 2,Southwest,Flagship,2025,11,2025-11-01,45565.05,23520.34,93.7,45565.05,0.0,0.0649
S039,Phoenix Flagship,Southwest,Flagship,2025,12,2025-12-01,56145.03,22525.1,149.3,45728.47,22.8,0.0697
S046,Houston Flagship 2,Southwest,Flagship,2025,12,2025-12-01,45728.47,22525.1,103.0,45728.47,0.0,0.0701
S041,Houston Outlet,Southwest,Outlet,2024,1,2024-01-01,8763.51,13296.21,-34.1,8763.51,0.0,0.0735
S045,Dallas Outlet 2,Southwest,Outlet,2024,1,2024-01-01,13500.73,13296.21,1.5,8763.51,54.1,0.0741
S041,Houston Outlet,Southwest,Outlet,2024,2,2024-02-01,10252.21,12875.99,-20.4,10252.21,0.0,0.0571
S045,Dallas Outlet 2,Southwest,Outlet,2024,2,2024-02-01,16621.99,12875.99,29.1,10252.21,62.1,0.0426
S045,Dallas Outlet 2,Southwest,Outlet,2024,3,2024-03-01,17344.14,17164.71,1.0,16395.13,5.8,0.0776
S041,Houston Outlet,Southwest,Outlet,2024,3,2024-03-01,16395.13,17164.71,-4.5,16395.13,0.0,0.0732
S041,Houston Outlet,Southwest,Outlet,2024,4,2024-04-01,9603.69,16313.2,-41.1,9603.69,0.0,0.0723
S045,Dallas Outlet 2,Southwest,Outlet,2024,4,2024-04-01,16313.2,16313.2,0.0,9603.69,69.9,0.0647
S041,Houston Outlet,Southwest,Outlet,2024,5,2024-05-01,14010.62,17367.26,-19.3,14010.62,0.0,0.0554
S045,Dallas Outlet 2,Southwest,Outlet,2024,5,2024-05-01,17367.26,17367.26,0.0,14010.62,24.0,0.0698
S041,Houston Outlet,Southwest,Outlet,2024,6,2024-06-01,12050.85,16545.5,-27.2,12050.85,0.0,0.0914
S045,Dallas Outlet 2,Southwest,Outlet,2024,6,2024-06-01,18101.7,16545.5,9.4,12050.85,50.2,0.0731
S041,Houston Outlet,Southwest,Outlet,2024,7,2024-07-01,12095.44,16286.46,-25.7,12095.44,0.0,0.0665
S045,Dallas Outlet 2,Southwest,Outlet,2024,7,2024-07-01,17949.3,16286.46,10.2,12095.44,48.4,0.0741
S045,Dallas Outlet 2,Southwest,Outlet,2024,8,2024-08-01,20725.24,19045.54,8.8,14810.78,39.9,0.0696
S041,Houston Outlet,Southwest,Outlet,2024,8,2024-08-01,14810.78,19045.54,-22.2,14810.78,0.0,0.0876
S045,Dallas Outlet 2,Southwest,Outlet,2024,9,2024-09-01,15308.64,14469.59,5.8,12694.79,20.6,0.0889
S041,Houston Outlet,Southwest,Outlet,2024,9,2024-09-01,12694.79,14469.59,-12.3,12694.79,0.0,0.0831
S041,Houston Outlet,Southwest,Outlet,2024,10,2024-10-01,11843.57,15880.88,-25.4,11843.57,0.0,0.0635
S045,Dallas Outlet 2,Southwest,Outlet,2024,10,2024-10-01,16535.73,15880.88,4.1,11843.57,39.6,0.0991
S041,Houston Outlet,Southwest,Outlet,2024,11,2024-11-01,15030.0,17578.37,-14.5,15030.0,0.0,0.0684
S045,Dallas Outlet 2,Southwest,Outlet,2024,11,2024-11-01,19468.39,17578.37,10.8,15030.0,29.5,0.0805
S041,Houston Outlet,Southwest,Outlet,2024,12,2024-12-01,20260.08,22650.36,-10.6,20260.08,0.0,0.0759
S045,Dallas Outlet 2,Southwest,Outlet,2024,12,2024-12-01,22650.36,22650.36,0.0,20260.08,11.8,0.071
S045,Dallas Outlet 2,Southwest,Outlet,2025,1,2025-01-01,13935.07,13935.07,0.0,11687.98,19.2,0.0861
S041,Houston Outlet,Southwest,Outlet,2025,1,2025-01-01,11687.98,13935.07,-16.1,11687.98,0.0,0.0694
S045,Dallas Outlet 2,Southwest,Outlet,2025,2,2025-02-01,13761.26,13250.76,3.9,11373.04,21.0,0.0779
S041,Houston Outlet,Southwest,Outlet,2025,2,2025-02-01,11373.04,13250.76,-14.2,11373.04,0.0,0.0525
S045,Dallas Outlet 2,Southwest,Outlet,2025,3,2025-03-01,14889.84,17164.29,-13.3,11285.88,31.9,0.0581
S041,Houston Outlet,Southwest,Outlet,2025,3,2025-03-01,11285.88,17164.29,-34.2,11285.88,0.0,0.1158
S045,Dallas Outlet 2,Southwest,Outlet,2025,4,2025-04-01,15285.88,15269.46,0.1,12872.43,18.7,0.0619
S041,Houston Outlet,Southwest,Outlet,2025,4,2025-04-01,12872.43,15269.46,-15.7,12872.43,0.0,0.0724
S041,Houston Outlet,Southwest,Outlet,2025,5,2025-05-01,13027.48,17932.08,-27.4,13027.48,0.0,0.0687
S045,Dallas Outlet 2,Southwest,Outlet,2025,5,2025-05-01,18591.97,17932.08,3.7,13027.48,42.7,0.0865
S045,Dallas Outlet 2,Southwest,Outlet,2025,6,2025-06-01,20798.07,16485.94,26.2,12563.76,65.5,0.0525
S041,Houston Outlet,Southwest,Outlet,2025,6,2025-06-01,12563.76,16485.94,-23.8,12563.76,0.0,0.0751
S041,Houston Outlet,Southwest,Outlet,2025,7,2025-07-01,14106.15,16140.27,-12.6,14106.15,0.0,0.0577
S045,Dallas Outlet 2,Southwest,Outlet,2025,7,2025-07-01,16140.27,16140.27,0.0,14106.15,14.4,0.0758
S045,Dallas Outlet 2,Southwest,Outlet,2025,8,2025-08-01,20387.36,18177.68,12.2,10142.74,101.0,0.0643
S041,Houston Outlet,Southwest,Outlet,2025,8,2025-08-01,10142.74,18177.68,-44.2,10142.74,0.0,0.0665
S041,Houston Outlet,Southwest,Outlet,2025,9,2025-09-01,10690.84,16034.58,-33.3,10690.84,0.0,0.0647
S045,Dallas Outlet 2,Southwest,Outlet,2025,9,2025-09-01,19494.54,16034.58,21.6,10690.84,82.3,0.0781
S045,Dallas Outlet 2,Southwest,Outlet,2025,10,2025-10-01,18939.68,18708.73,1.2,15695.01,20.7,0.0592
S041,Houston Outlet,Southwest,Outlet,2025,10,2025-10-01,15695.01,18708.73,-16.1,15695.01,0.0,0.0903
S041,Houston Outlet,Southwest,Outlet,2025,11,2025-11-01,20282.21,23520.34,-13.8,20282.21,0.0,0.0754
S045,Dallas Outlet 2,Southwest,Outlet,2025,11,2025-11-01,24322.44,23520.34,3.4,20282.21,19.9,0.0664
S041,Houston Outlet,Southwest,Outlet,2025,12,2025-12-01,16714.0,22525.1,-25.8,16714.0,0.0,0.068
S045,Dallas Outlet 2,Southwest,Outlet,2025,12,2025-12-01,24455.01,22525.1,8.6,16714.0,46.3,0.0867
S048,Austin Standard 2,Southwest,Standard,2024,1,2024-01-01,13296.21,13296.21,0.0,13296.21,0.0,0.0684
S047,Albuquerque Standard 2,Southwest,Standard,2024,1,2024-01-01,10600.82,13296.21,-20.3,13296.21,-20.3,0.0704
S040,Dallas Standard,Southwest,Standard,2024,1,2024-01-01,18668.83,13296.21,40.4,13296.21,40.4,0.0607
S044,Phoenix Standard 2,Southwest,Standard,2024,1,2024-01-01,18355.07,13296.21,38.0,13296.21,38.0,0.0554
S047,Albuquerque Standard 2,Southwest,Standard,2024,2,2024-02-01,12994.46,12875.99,0.9,12875.99,0.9,0.0627
S044,Phoenix Standard 2,Southwest,Standard,2024,2,2024-02-01,12875.99,12875.99,0.0,12875.99,0.0,0.082
S040,Dallas Standard,Southwest,Standard,2024,2,2024-02-01,18140.98,12875.99,40.9,12875.99,40.9,0.0588
S048,Austin Standard 2,Southwest,Standard,2024,2,2024-02-01,12240.21,12875.99,-4.9,12875.99,-4.9,0.0909
S044,Phoenix Standard 2,Southwest,Standard,2024,3,2024-03-01,20698.76,17164.71,20.6,17164.71,20.6,0.0481
S047,Albuquerque Standard 2,Southwest,Standard,2024,3,2024-03-01,17164.71,17164.71,0.0,17164.71,0.0,0.059
S048,Austin Standard 2,Southwest,Standard,2024,3,2024-03-01,15875.13,17164.71,-7.5,17164.71,-7.5,0.0744
S040,Dallas Standard,Southwest,Standard,2024,3,2024-03-01,19661.11,17164.71,14.5,17164.71,14.5,0.0623
S047,Albuquerque Standard 2,Southwest,Standard,2024,4,2024-04-01,13946.2,16313.2,-14.5,16907.64,-17.5,0.0815
S040,Dallas Standard,Southwest,Standard,2024,4,2024-04-01,22873.83,16313.2,40.2,16907.64,35.3,0.0869
S044,Phoenix Standard 2,Southwest,Standard,2024,4,2024-04-01,22560.1,16313.2,38.3,16907.64,33.4,0.0677
S048,Austin Standard 2,Southwest,Standard,2024,4,2024-04-01,16907.64,16313.2,3.6,16907.64,0.0,0.0778
S044,Phoenix Standard 2,Southwest,Standard,2024,5,2024-05-01,17459.64,17367.26,0.5,17459.64,0.0,0.0688
S048,Austin Standard 2,Southwest,Standard,2024,5,2024-05-01,18295.91,17367.26,5.3,17459.64,4.8,0.07
S047,Albuquerque Standard 2,Southwest,Standard,2024,5,2024-05-01,15948.99,17367.26,-8.2,17459.64,-8.7,0.0784
S040,Dallas Standard,Southwest,Standard,2024,5,2024-05-01,23768.72,17367.26,36.9,17459.64,36.1,0.0588
S040,Dallas Standard,Southwest,Standard,2024,6,2024-06-01,17805.36,16545.5,7.6,16545.5,7.6,0.0566
S048,Austin Standard 2,Southwest,Standard,2024,6,2024-06-01,15856.18,16545.5,-4.2,16545.5,-4.2,0.0429
S044,Phoenix Standard 2,Southwest,Standard,2024,6,2024-06-01,20443.46,16545.5,23.6,16545.5,23.6,0.0796
S047,Albuquerque Standard 2,Southwest,Standard,2024,6,2024-06-01,16545.5,16545.5,0.0,16545.5,0.0,0.073
S047,Albuquerque Standard 2,Southwest,Standard,2024,7,2024-07-01,16286.46,16286.46,0.0,16286.46,0.0,0.0759
S040,Dallas Standard,Southwest,Standard,2024,7,2024-07-01,20036.93,16286.46,23.0,16286.46,23.0,0.0639
S048,Austin Standard 2,Southwest,Standard,2024,7,2024-07-01,13483.78,16286.46,-17.2,16286.46,-17.2,0.0539
S044,Phoenix Standard 2,Southwest,Standard,2024,7,2024-07-01,16640.05,16286.46,2.2,16286.46,2.2,0.0681
S047,Albuquerque Standard 2,Southwest,Standard,2024,8,2024-08-01,18804.89,19045.54,-1.3,19045.54,-1.3,0.0751
S048,Austin Standard 2,Southwest,Standard,2024,8,2024-08-01,19045.54,19045.54,0.0,19045.54,0.0,0.0794
S040,Dallas Standard,Southwest,Standard,2024,8,2024-08-01,21585.76,19045.54,13.3,19045.54,13.3,0.0609
S044,Phoenix Standard 2,Southwest,Standard,2024,8,2024-08-01,24823.95,19045.54,30.3,19045.54,30.3,0.0592
S044,Phoenix Standard 2,Southwest,Standard,2024,9,2024-09-01,17337.73,14469.59,19.8,14469.59,19.8,0.0765
S048,Austin Standard 2,Southwest,Standard,2024,9,2024-09-01,14469.59,14469.59,0.0,14469.59,0.0,0.0461
S040,Dallas Standard,Southwest,Standard,2024,9,2024-09-01,22755.67,14469.59,57.3,14469.59,57.3,0.0724
S047,Albuquerque Standard 2,Southwest,Standard,2024,9,2024-09-01,12763.86,14469.59,-11.8,14469.59,-11.8,0.0707
S048,Austin Standard 2,Southwest,Standard,2024,10,2024-10-01,15329.32,15880.88,-3.5,15880.88,-3.5,0.0577
S040,Dallas Standard,Southwest,Standard,2024,10,2024-10-01,21975.12,15880.88,38.4,15880.88,38.4,0.0563
S047,Albuquerque Standard 2,Southwest,Standard,2024,10,2024-10-01,15880.88,15880.88,0.0,15880.88,0.0,0.0704
S044,Phoenix Standard 2,Southwest,Standard,2024,10,2024-10-01,18928.78,15880.88,19.2,15880.88,19.2,0.0668
S044,Phoenix Standard 2,Southwest,Standard,2024,11,2024-11-01,20351.17,17578.37,15.8,17578.37,15.8,0.0738
S040,Dallas Standard,Southwest,Standard,2024,11,2024-11-01,26948.39,17578.37,53.3,17578.37,53.3,0.0813
S048,Austin Standard 2,Southwest,Standard,2024,11,2024-11-01,17578.37,17578.37,0.0,17578.37,0.0,0.0773
S047,Albuquerque Standard 2,Southwest,Standard,2024,11,2024-11-01,17429.83,17578.37,-0.8,17578.37,-0.8,0.0698
S040,Dallas Standard,Southwest,Standard,2024,12,2024-12-01,31237.22,22650.36,37.9,25932.68,20.5,0.0705
S048,Austin Standard 2,Southwest,Standard,2024,12,2024-12-01,25932.68,22650.36,14.5,25932.68,0.0,0.0588
S047,Albuquerque Standard 2,Southwest,Standard,2024,12,2024-12-01,19926.93,22650.36,-12.0,25932.68,-23.2,0.0725
S044,Phoenix Standard 2,Southwest,Standard,2024,12,2024-12-01,27595.12,22650.36,21.8,25932.68,6.4,0.077
S048,Austin Standard 2,Southwest,Standard,2025,1,2025-01-01,13074.43,13935.07,-6.2,14130.4,-7.5,0.0881
S044,Phoenix Standard 2,Southwest,Standard,2025,1,2025-01-01,14130.4,13935.07,1.4,14130.4,0.0,0.0732
S047,Albuquerque Standard 2,Southwest,Standard,2025,1,2025-01-01,14284.05,13935.07,2.5,14130.4,1.1,0.0674
S040,Dallas Standard,Southwest,Standard,2025,1,2025-01-01,18184.34,13935.07,30.5,14130.4,28.7,0.0509
S048,Austin Standard 2,Southwest,Standard,2025,2,2025-02-01,13250.76,13250.76,0.0,13250.76,0.0,0.0718
S044,Phoenix Standard 2,Southwest,Standard,2025,2,2025-02-01,17346.97,13250.76,30.9,13250.76,30.9,0.0625
S040,Dallas Standard,Southwest,Standard,2025,2,2025-02-01,13297.8,13250.76,0.4,13250.76,0.4,0.0542
S047,Albuquerque Standard 2,Southwest,Standard,2025,2,2025-02-01,12075.03,13250.76,-8.9,13250.76,-8.9,0.0841
S040,Dallas Standard,Southwest,Standard,2025,3,2025-03-01,23489.29,17164.29,36.8,18529.39,26.8,0.0675
S048,Austin Standard 2,Southwest,Standard,2025,3,2025-03-01,18529.39,17164.29,8.0,18529.39,0.0,0.0552
S044,Phoenix Standard 2,Southwest,Standard,2025,3,2025-03-01,21327.84,17164.29,24.3,18529.39,15.1,0.0736
S047,Albuquerque Standard 2,Southwest,Standard,2025,3,2025-03-01,17164.29,17164.29,0.0,18529.39,-7.4,0.0721
S044,Phoenix Standard 2,Southwest,Standard,2025,4,2025-04-01,18580.34,15269.46,21.7,15269.46,21.7,0.0598
S047,Albuquerque Standard 2,Southwest,Standard,2025,4,2025-04-01,15044.06,15269.46,-1.5,15269.46,-1.5,0.0695
S048,Austin Standard 2,Southwest,Standard,2025,4,2025-04-01,15269.46,15269.46,0.0,15269.46,0.0,0.069
S040,Dallas Standard,Southwest,Standard,2025,4,2025-04-01,20884.78,15269.46,36.8,15269.46,36.8,0.0764
S047,Albuquerque Standard 2,Southwest,Standard,2025,5,2025-05-01,14024.23,17932.08,-21.8,17932.08,-21.8,0.0535
S044,Phoenix Standard 2,Southwest,Standard,2025,5,2025-05-01,22403.13,17932.08,24.9,17932.08,24.9,0.0711
S040,Dallas Standard,Southwest,Standard,2025,5,2025-05-01,23783.68,17932.08,32.6,17932.08,32.6,0.0592
S048,Austin Standard 2,Southwest,Standard,2025,5,2025-05-01,17932.08,17932.08,0.0,17932.08,0.0,0.0898
S040,Dallas Standard,Southwest,Standard,2025,6,2025-06-01,18478.22,16485.94,12.1,16485.94,12.1,0.0847
S044,Phoenix Standard 2,Southwest,Standard,2025,6,2025-06-01,16485.94,16485.94,0.0,16485.94,0.0,0.0681
S048,Austin Standard 2,Southwest,Standard,2025,6,2025-06-01,18425.7,16485.94,11.8,16485.94,11.8,0.0686
S047,Albuquerque Standard 2,Southwest,Standard,2025,6,2025-06-01,12742.47,16485.94,-22.7,16485.94,-22.7,0.0647
S048,Austin Standard 2,Southwest,Standard,2025,7,2025-07-01,19486.74,16140.27,20.7,19486.74,0.0,0.0825
S047,Albuquerque Standard 2,Southwest,Standard,2025,7,2025-07-01,14760.09,16140.27,-8.6,19486.74,-24.3,0.0746
S040,Dallas Standard,Southwest,Standard,2025,7,2025-07-01,21046.67,16140.27,30.4,19486.74,8.0,0.0583
S044,Phoenix Standard 2,Southwest,Standard,2025,7,2025-07-01,19525.53,16140.27,21.0,19486.74,0.2,0.0515
S044,Phoenix Standard 2,Southwest,Standard,2025,8,2025-08-01,22261.76,18177.68,22.5,18177.68,22.5,0.0846
S047,Albuquerque Standard 2,Southwest,Standard,2025,8,2025-08-01,15422.84,18177.68,-15.2,18177.68,-15.2,0.0739
S048,Austin Standard 2,Southwest,Standard,2025,8,2025-08-01,18177.68,18177.68,0.0,18177.68,0.0,0.0915
S040,Dallas Standard,Southwest,Standard,2025,8,2025-08-01,21600.29,18177.68,18.8,18177.68,18.8,0.0843
S047,Albuquerque Standard 2,Southwest,Standard,2025,9,2025-09-01,13611.9,16034.58,-15.1,16034.58,-15.1,0.0764
S048,Austin Standard 2,Southwest,Standard,2025,9,2025-09-01,16034.58,16034.58,0.0,16034.58,0.0,0.072
S040,Dallas Standard,Southwest,Standard,2025,9,2025-09-01,20357.52,16034.58,27.0,16034.58,27.0,0.0638
S044,Phoenix Standard 2,Southwest,Standard,2025,9,2025-09-01,19182.06,16034.58,19.6,16034.58,19.6,0.0798
S040,Dallas Standard,Southwest,Standard,2025,10,2025-10-01,20631.87,18708.73,10.3,18708.73,10.3,0.0758
S044,Phoenix Standard 2,Southwest,Standard,2025,10,2025-10-01,22723.88,18708.73,21.5,18708.73,21.5,0.0756
S048,Austin Standard 2,Southwest,Standard,2025,10,2025-10-01,15242.17,18708.73,-18.5,18708.73,-18.5,0.0724
S047,Albuquerque Standard 2,Southwest,Standard,2025,10,2025-10-01,18708.73,18708.73,0.0,18708.73,0.0,0.0762
S047,Albuquerque Standard 2,Southwest,Standard,2025,11,2025-11-01,21534.91,23520.34,-8.4,23520.34,-8.4,0.0685
S040,Dallas Standard,Southwest,Standard,2025,11,2025-11-01,27959.85,23520.34,18.9,23520.34,18.9,0.0601
S048,Austin Standard 2,Southwest,Standard,2025,11,2025-11-01,23520.34,23520.34,0.0,23520.34,0.0,0.0614
S044,Phoenix Standard 2,Southwest,Standard,2025,11,2025-11-01,25293.79,23520.34,7.5,23520.34,7.5,0.0743
S048,Austin Standard 2,Southwest,Standard,2025,12,2025-12-01,20147.68,22525.1,-10.6,22525.1,-10.6,0.0627
S040,Dallas Standard,Southwest,Standard,2025,12,2025-12-01,27332.67,22525.1,21.3,22525.1,21.3,0.0701
S044,Phoenix Standard 2,Southwest,Standard,2025,12,2025-12-01,28821.96,22525.1,28.0,22525.1,28.0,0.0933
S047,Albuquerque Standard 2,Southwest,Standard,2025,12,2025-12-01,22525.1,22525.1,0.0,22525.1,0.0,0.0762
S052,Portland Express,West,Express,2024,1,2024-01-01,8077.89,14858.6,-45.6,8077.89,0.0,0.0723
S058,Portland Express 2,West,Express,2024,1,2024-01-01,9626.75,14858.6,-35.2,8077.89,19.2,0.0508
S052,Portland Express,West,Express,2024,2,2024-02-01,7340.37,14998.06,-51.1,6061.21,21.1,0.056
S058,Portland Express 2,West,Express,2024,2,2024-02-01,6061.21,14998.06,-59.6,6061.21,0.0,0.0578
S058,Portland Express 2,West,Express,2024,3,2024-03-01,6803.2,20147.07,-66.2,6803.2,0.0,0.093
S052,Portland Express,West,Express,2024,3,2024-03-01,10282.99,20147.07,-49.0,6803.2,51.1,0.0793
S052,Portland Express,West,Express,2024,4,2024-04-01,7313.7,18795.79,-61.1,7313.7,0.0,0.0542
S058,Portland Express 2,West,Express,2024,4,2024-04-01,11336.97,18795.79,-39.7,7313.7,55.0,0.0615
S052,Portland Express,West,Express,2024,5,2024-05-01,7861.01,20974.01,-62.5,7861.01,0.0,0.0676
S058,Portland Express 2,West,Express,2024,5,2024-05-01,9814.41,20974.01,-53.2,7861.01,24.8,0.0505
S052,Portland Express,West,Express,2024,6,2024-06-01,7378.2,19766.54,-62.7,7378.2,0.0,0.0823
S058,Portland Express 2,West,Express,2024,6,2024-06-01,9499.13,19766.54,-51.9,7378.2,28.7,0.0955
S052,Portland Express,West,Express,2024,7,2024-07-01,6736.36,19067.08,-64.7,6736.36,0.0,0.0996
S058,Portland Express 2,West,Express,2024,7,2024-07-01,12474.0,19067.08,-34.6,6736.36,85.2,0.0665
S058,Portland Express 2,West,Express,2024,8,2024-08-01,13740.35,20603.62,-33.3,10608.71,29.5,0.0599
S052,Portland Express,West,Express,2024,8,2024-08-01,10608.71,20603.62,-48.5,10608.71,0.0,0.0759
S052,Portland Express,West,Express,2024,9,2024-09-01,9688.26,20748.03,-53.3,8939.19,8.4,0.0675
S058,Portland Express 2,West,Express,2024,9,2024-09-01,8939.19,20748.03,-56.9,8939.19,0.0,0.069
S058,Portland Express 2,West,Express,2024,10,2024-10-01,8956.72,21962.41,-59.2,8956.72,0.0,0.0633
S052,Portland Express,West,Express,2024,10,2024-10-01,10552.74,21962.41,-52.0,8956.72,17.8,0.0609
S052,Portland Express,West,Express,2024,11,2024-11-01,10215.2,23973.01,-57.4,10215.2,0.0,0.0606
S058,Portland Express 2,West,Express,2024,11,2024-11-01,10973.56,23973.01,-54.2,10215.2,7.4,0.0776
S052,Portland Express,West,Express,2024,12,2024-12-01,12498.7,27093.72,-53.9,12498.7,0.0,0.0877
S058,Portland Express 2,West,Express,2024,12,2024-12-01,15071.84,27093.72,-44.4,12498.7,20.6,0.0677
S058,Portland Express 2,West,Express,2025,1,2025-01-01,14916.22,17818.97,-16.3,7769.91,92.0,0.083
S052,Portland Express,West,Express,2025,1,2025-01-01,7769.91,17818.97,-56.4,7769.91,0.0,0.0758
S052,Portland Express,West,Express,2025,2,2025-02-01,8525.09,15888.62,-46.3,8525.09,0.0,0.0415
S058,Portland Express 2,West,Express,2025,2,2025-02-01,9103.05,15888.62,-42.7,8525.09,6.8,0.0599
S058,Portland Express 2,West,Express,2025,3,2025-03-01,10757.26,19329.43,-44.3,10757.26,0.0,0.0836
S052,Portland Express,West,Express,2025,3,2025-03-01,12432.19,19329.43,-35.7,10757.26,15.6,0.0532
S052,Portland Express,West,Express,2025,4,2025-04-01,8118.48,19348.01,-58.0,8118.48,0.0,0.0375
S058,Portland Express 2,West,Express,2025,4,2025-04-01,9883.0,19348.01,-48.9,8118.48,21.7,0.08
S052,Portland Express,West,Express,2025,5,2025-05-01,12309.78,23379.01,-47.3,9031.48,36.3,0.0683
S058,Portland Express 2,West,Express,2025,5,2025-05-01,9031.48,23379.01,-61.4,9031.48,0.0,0.0557
S052,Portland Express,West,Express,2025,6,2025-06-01,8567.86,20137.66,-57.5,8567.86,0.0,0.0584
S058,Portland Express 2,West,Express,2025,6,2025-06-01,11649.34,20137.66,-42.2,8567.86,36.0,0.0514
S052,Portland Express,West,Express,2025,7,2025-07-01,9236.78,19827.75,-53.4,8075.35,14.4,0.0632
S058,Portland Express 2,West,Express,2025,7,2025-07-01,8075.35,19827.75,-59.3,8075.35,0.0,0.0674
S052,Portland Express,West,Express,2025,8,2025-08-01,9341.96,19320.96,-51.6,9341.96,0.0,0.0863
S058,Portland Express 2,West,Express,2025,8,2025-08-01,13658.0,19320.96,-29.3,9341.96,46.2,0.0665
S052,Portland Express,West,Express,2025,9,2025-09-01,9114.85,20389.21,-55.3,9114.85,0.0,0.0596
S058,Portland Express 2,West,Express,2025,9,2025-09-01,9366.26,20389.21,-54.1,9114.85,2.8,0.0703
S058,Portland Express 2,West,Express,2025,10,2025-10-01,14373.99,21724.77,-33.8,10524.59,36.6,0.0752
S052,Portland Express,West,Express,2025,10,2025-10-01,10524.59,21724.77,-51.6,10524.59,0.0,0.0738
S058,Portland Express 2,West,Express,2025,11,2025-11-01,13618.42,25600.06,-46.8,12727.97,7.0,0.0896
S052,Portland Express,West,Express,2025,11,2025-11-01,12727.97,25600.06,-50.3,12727.97,0.0,0.075
S052,Portland Express,West,Express,2025,12,2025-12-01,14413.86,31335.65,-54.0,14413.86,0.0,0.0652
S058,Portland Express 2,West,Express,2025,12,2025-12-01,14800.42,31335.65,-52.8,14413.86,2.7,0.0741
S049,Seattle Flagship,West,Flagship,2024,1,2024-01-01,30398.39,14858.6,104.6,30398.39,0.0,0.0668
S049,Seattle Flagship,West,Flagship,2024,2,2024-02-01,33820.36,14998.06,125.5,33820.36,0.0,0.0539
S049,Seattle Flagship,West,Flagship,2024,3,2024-03-01,37169.8,20147.07,84.5,37169.8,0.0,0.0793
S049,Seattle Flagship,West,Flagship,2024,4,2024-04-01,42384.44,18795.79,125.5,42384.44,0.0,0.0707
S049,Seattle Flagship,West,Flagship,2024,5,2024-05-01,37967.31,20974.01,81.0,37967.31,0.0,0.0737
S049,Seattle Flagship,West,Flagship,2024,6,2024-06-01,38909.69,19766.54,96.8,38909.69,0.0,0.0728
S049,Seattle Flagship,West,Flagship,2024,7,2024-07-01,43123.44,19067.08,126.2,43123.44,0.0,0.0644
S049,Seattle Flagship,West,Flagship,2024,8,2024-08-01,41551.04,20603.62,101.7,41551.04,0.0,0.0686
S049,Seattle Flagship,West,Flagship,2024,9,2024-09-01,38839.5,20748.03,87.2,38839.5,0.0,0.0796
S049,Seattle Flagship,West,Flagship,2024,10,2024-10-01,38729.79,21962.41,76.3,38729.79,0.0,0.0837
S049,Seattle Flagship,West,Flagship,2024,11,2024-11-01,45122.62,23973.01,88.2,45122.62,0.0,0.0615
S049,Seattle Flagship,West,Flagship,2024,12,2024-12-01,62916.48,27093.72,132.2,62916.48,0.0,0.0698
S049,Seattle Flagship,West,Flagship,2025,1,2025-01-01,34336.5,17818.97,92.7,34336.5,0.0,0.0639
S049,Seattle Flagship,West,Flagship,2025,2,2025-02-01,34694.64,15888.62,118.4,34694.64,0.0,0.0815
S049,Seattle Flagship,West,Flagship,2025,3,2025-03-01,37399.5,19329.43,93.5,37399.5,0.0,0.0769
S049,Seattle Flagship,West,Flagship,2025,4,2025-04-01,37406.7,19348.01,93.3,37406.7,0.0,0.0724
S049,Seattle Flagship,West,Flagship,2025,5,2025-05-01,37802.99,23379.01,61.7,37802.99,0.0,0.0724
S049,Seattle Flagship,West,Flagship,2025,6,2025-06-01,44274.54,20137.66,119.9,44274.54,0.0,0.0728
S049,Seattle Flagship,West,Flagship,2025,7,2025-07-01,38987.15,19827.75,96.6,38987.15,0.0,0.0621
S049,Seattle Flagship,West,Flagship,2025,8,2025-08-01,43206.09,19320.96,123.6,43206.09,0.0,0.0759
S049,Seattle Flagship,West,Flagship,2025,9,2025-09-01,36032.34,20389.21,76.7,36032.34,0.0,0.0737
S049,Seattle Flagship,West,Flagship,2025,10,2025-10-01,41763.98,21724.77,92.2,41763.98,0.0,0.086
S049,Seattle Flagship,West,Flagship,2025,11,2025-11-01,46798.11,25600.06,82.8,46798.11,0.0,0.0612
S049,Seattle Flagship,West,Flagship,2025,12,2025-12-01,56905.66,31335.65,81.6,56905.66,0.0,0.0618
S051,Los Angeles Outlet,West,Outlet,2024,1,2024-01-01,14858.6,14858.6,0.0,13001.75,14.3,0.0774
S059,Denver Outlet 2,West,Outlet,2024,1,2024-01-01,13001.75,14858.6,-12.5,13001.75,0.0,0.0665
S056,San Francisco Outlet 2,West,Outlet,2024,1,2024-01-01,9888.82,14858.6,-33.4,13001.75,-23.9,0.0928
S051,Los Angeles Outlet,West,Outlet,2024,2,2024-02-01,21378.65,14998.06,42.5,15684.01,36.3,0.0619
S056,San Francisco Outlet 2,West,Outlet,2024,2,2024-02-01,12686.78,14998.06,-15.4,15684.01,-19.1,0.0476
S059,Denver Outlet 2,West,Outlet,2024,2,2024-02-01,15684.01,14998.06,4.6,15684.01,0.0,0.0747
S051,Los Angeles Outlet,West,Outlet,2024,3,2024-03-01,17623.0,20147.07,-12.5,15835.5,11.3,0.0763
S056,San Francisco Outlet 2,West,Outlet,2024,3,2024-03-01,15835.5,20147.07,-21.4,15835.5,0.0,0.0596
S059,Denver Outlet 2,West,Outlet,2024,3,2024-03-01,15583.65,20147.07,-22.7,15835.5,-1.6,0.0541
S051,Los Angeles Outlet,West,Outlet,2024,4,2024-04-01,20826.5,18795.79,10.8,20289.2,2.6,0.0779
S056,San Francisco Outlet 2,West,Outlet,2024,4,2024-04-01,15611.13,18795.79,-16.9,20289.2,-23.1,0.0661
S059,Denver Outlet 2,West,Outlet,2024,4,2024-04-01,20289.2,18795.79,7.9,20289.2,0.0,0.0725
S051,Los Angeles Outlet,West,Outlet,2024,5,2024-05-01,19748.77,20974.01,-5.8,17490.16,12.9,0.0485
S056,San Francisco Outlet 2,West,Outlet,2024,5,2024-05-01,16955.07,20974.01,-19.2,17490.16,-3.1,0.053
S059,Denver Outlet 2,West,Outlet,2024,5,2024-05-01,17490.16,20974.01,-16.6,17490.16,0.0,0.0721
S056,San Francisco Outlet 2,West,Outlet,2024,6,2024-06-01,16749.16,19766.54,-15.3,18864.52,-11.2,0.0728
S059,Denver Outlet 2,West,Outlet,2024,6,2024-06-01,19766.54,19766.54,0.0,18864.52,4.8,0.0595
S051,Los Angeles Outlet,West,Outlet,2024,6,2024-06-01,18864.52,19766.54,-4.6,18864.52,0.0,0.0661
S059,Denver Outlet 2,West,Outlet,2024,7,2024-07-01,15513.33,19067.08,-18.6,15513.33,0.0,0.1092
S051,Los Angeles Outlet,West,Outlet,2024,7,2024-07-01,17485.49,19067.08,-8.3,15513.33,12.7,0.0732
S056,San Francisco Outlet 2,West,Outlet,2024,7,2024-07-01,14500.46,19067.08,-24.0,15513.33,-6.5,0.055
S059,Denver Outlet 2,West,Outlet,2024,8,2024-08-01,21906.98,20603.62,6.3,18709.76,17.1,0.0843
S051,Los Angeles Outlet,West,Outlet,2024,8,2024-08-01,18709.76,20603.62,-9.2,18709.76,0.0,0.082
S056,San Francisco Outlet 2,West,Outlet,2024,8,2024-08-01,14942.12,20603.62,-27.5,18709.76,-20.1,0.0603
S059,Denver Outlet 2,West,Outlet,2024,9,2024-09-01,19853.13,20748.03,-4.3,19853.13,0.0,0.0795
S051,Los Angeles Outlet,West,Outlet,2024,9,2024-09-01,21441.35,20748.03,3.3,19853.13,8.0,0.036
S056,San Francisco Outlet 2,West,Outlet,2024,9,2024-09-01,16000.54,20748.03,-22.9,19853.13,-19.4,0.0714
S059,Denver Outlet 2,West,Outlet,2024,10,2024-10-01,20715.91,21962.41,-5.7,20715.91,0.0,0.0714
S056,San Francisco Outlet 2,West,Outlet,2024,10,2024-10-01,18216.66,21962.41,-17.1,20715.91,-12.1,0.0657
S051,Los Angeles Outlet,West,Outlet,2024,10,2024-10-01,23397.08,21962.41,6.5,20715.91,12.9,0.0556
S051,Los Angeles Outlet,West,Outlet,2024,11,2024-11-01,22458.13,23973.01,-6.3,22458.13,0.0,0.085
S059,Denver Outlet 2,West,Outlet,2024,11,2024-11-01,23973.01,23973.01,0.0,22458.13,6.7,0.0746
S056,San Francisco Outlet 2,West,Outlet,2024,11,2024-11-01,20580.4,23973.01,-14.2,22458.13,-8.4,0.0645
S059,Denver Outlet 2,West,Outlet,2024,12,2024-12-01,27093.72,27093.72,0.0,26444.73,2.5,0.0812
S056,San Francisco Outlet 2,West,Outlet,2024,12,2024-12-01,23960.04,27093.72,-11.6,26444.73,-9.4,0.0763
S051,Los Angeles Outlet,West,Outlet,2024,12,2024-12-01,26444.73,27093.72,-2.4,26444.73,0.0,0.0672
S059,Denver Outlet 2,West,Outlet,2025,1,2025-01-01,19563.89,17818.97,9.8,17068.17,14.6,0.072
S051,Los Angeles Outlet,West,Outlet,2025,1,2025-01-01,17068.17,17818.97,-4.2,17068.17,0.0,0.0735
S056,San Francisco Outlet 2,West,Outlet,2025,1,2025-01-01,14758.04,17818.97,-17.2,17068.17,-13.5,0.0674
S051,Los Angeles Outlet,West,Outlet,2025,2,2025-02-01,15971.96,15888.62,0.5,15888.62,0.5,0.0609
S059,Denver Outlet 2,West,Outlet,2025,2,2025-02-01,15888.62,15888.62,0.0,15888.62,0.0,0.0636
S056,San Francisco Outlet 2,West,Outlet,2025,2,2025-02-01,12570.57,15888.62,-20.9,15888.62,-20.9,0.0664
S051,Los Angeles Outlet,West,Outlet,2025,3,2025-03-01,19329.43,19329.43,0.0,18810.1,2.8,0.0821
S059,Denver Outlet 2,West,Outlet,2025,3,2025-03-01,18637.22,19329.43,-3.6,18810.1,-0.9,0.0604
S056,San Francisco Outlet 2,West,Outlet,2025,3,2025-03-01,18810.1,19329.43,-2.7,18810.1,0.0,0.0758
S056,San Francisco Outlet 2,West,Outlet,2025,4,2025-04-01,15903.83,19348.01,-17.8,18090.84,-12.1,0.0797
S059,Denver Outlet 2,West,Outlet,2025,4,2025-04-01,18090.84,19348.01,-6.5,18090.84,0.0,0.0676
S051,Los Angeles Outlet,West,Outlet,2025,4,2025-04-01,18429.98,19348.01,-4.7,18090.84,1.9,0.0704
S059,Denver Outlet 2,West,Outlet,2025,5,2025-05-01,16777.27,23379.01,-28.2,21474.29,-21.9,0.0537
S051,Los Angeles Outlet,West,Outlet,2025,5,2025-05-01,24509.08,23379.01,4.8,21474.29,14.1,0.0802
S056,San Francisco Outlet 2,West,Outlet,2025,5,2025-05-01,21474.29,23379.01,-8.1,21474.29,0.0,0.0486
S051,Los Angeles Outlet,West,Outlet,2025,6,2025-06-01,20388.93,20137.66,1.2,18109.36,12.6,0.0651
S059,Denver Outlet 2,West,Outlet,2025,6,2025-06-01,14200.83,20137.66,-29.5,18109.36,-21.6,0.0792
S056,San Francisco Outlet 2,West,Outlet,2025,6,2025-06-01,18109.36,20137.66,-10.1,18109.36,0.0,0.0968
S051,Los Angeles Outlet,West,Outlet,2025,7,2025-07-01,18055.75,19827.75,-8.9,18055.75,0.0,0.0666
S059,Denver Outlet 2,West,Outlet,2025,7,2025-07-01,14789.2,19827.75,-25.4,18055.75,-18.1,0.0936
S056,San Francisco Outlet 2,West,Outlet,2025,7,2025-07-01,19827.75,19827.75,0.0,18055.75,9.8,0.0585
S059,Denver Outlet 2,West,Outlet,2025,8,2025-08-01,15763.6,19320.96,-18.4,17174.75,-8.2,0.0784
S056,San Francisco Outlet 2,West,Outlet,2025,8,2025-08-01,17174.75,19320.96,-11.1,17174.75,0.0,0.0932
S051,Los Angeles Outlet,West,Outlet,2025,8,2025-08-01,18036.08,19320.96,-6.7,17174.75,5.0,0.0616
S056,San Francisco Outlet 2,West,Outlet,2025,9,2025-09-01,14141.33,20389.21,-30.6,19063.94,-25.8,0.0716
S059,Denver Outlet 2,West,Outlet,2025,9,2025-09-01,19063.94,20389.21,-6.5,19063.94,0.0,0.0768
S051,Los Angeles Outlet,West,Outlet,2025,9,2025-09-01,21368.84,20389.21,4.8,19063.94,12.1,0.0702
S051,Los Angeles Outlet,West,Outlet,2025,10,2025-10-01,24961.54,21724.77,14.9,18917.63,31.9,0.0589
S059,Denver Outlet 2,West,Outlet,2025,10,2025-10-01,18917.63,21724.77,-12.9,18917.63,0.0,0.0831
S056,San Francisco Outlet 2,West,Outlet,2025,10,2025-10-01,15938.69,21724.77,-26.6,18917.63,-15.7,0.1076
S056,San Francisco Outlet 2,West,Outlet,2025,11,2025-11-01,20432.89,25600.06,-20.2,25600.06,-20.2,0.0548
S051,Los Angeles Outlet,West,Outlet,2025,11,2025-11-01,25600.06,25600.06,0.0,25600.06,0.0,0.0781
S059,Denver Outlet 2,West,Outlet,2025,11,2025-11-01,26193.59,25600.06,2.3,25600.06,2.3,0.0757
S051,Los Angeles Outlet,West,Outlet,2025,12,2025-12-01,25518.08,31335.65,-18.6,25518.08,0.0,0.059
S056,San Francisco Outlet 2,West,Outlet,2025,12,2025-12-01,21212.41,31335.65,-32.3,25518.08,-16.9,0.0727
S059,Denver Outlet 2,West,Outlet,2025,12,2025-12-01,27023.87,31335.65,-13.8,25518.08,5.9,0.0661
S050,San Francisco Standard,West,Standard,2024,1,2024-01-01,15175.69,14858.6,2.1,15175.69,0.0,0.0625
S053,Denver Standard,West,Standard,2024,1,2024-01-01,20292.04,14858.6,36.6,15175.69,33.7,0.0642
S055,Seattle Standard 2,West,Standard,2024,1,2024-01-01,17010.39,14858.6,14.5,15175.69,12.1,0.0598
S060,San Diego Standard 2,West,Standard,2024,1,2024-01-01,14928.92,14858.6,0.5,15175.69,-1.6,0.0702
S054,San Diego Standard,West,Standard,2024,1,2024-01-01,18520.06,14858.6,24.6,15175.69,22.0,0.0844
S057,Los Angeles Standard 2,West,Standard,2024,1,2024-01-01,13575.85,14858.6,-8.6,15175.69,-10.5,0.0741
S054,San Diego Standard,West,Standard,2024,2,2024-02-01,20198.35,14998.06,34.7,14998.06,34.7,0.0727
S060,San Diego Standard 2,West,Standard,2024,2,2024-02-01,14819.4,14998.06,-1.2,14998.06,-1.2,0.0696
S055,Seattle Standard 2,West,Standard,2024,2,2024-02-01,18586.38,14998.06,23.9,14998.06,23.9,0.0772
S057,Los Angeles Standard 2,West,Standard,2024,2,2024-02-01,11768.28,14998.06,-21.5,14998.06,-21.5,0.0542
S050,San Francisco Standard,West,Standard,2024,2,2024-02-01,14998.06,14998.06,0.0,14998.06,0.0,0.068
S053,Denver Standard,West,Standard,2024,2,2024-02-01,22076.58,14998.06,47.2,14998.06,47.2,0.0689
S054,San Diego Standard,West,Standard,2024,3,2024-03-01,28621.99,20147.07,42.1,23641.84,21.1,0.0819
S060,San Diego Standard 2,West,Standard,2024,3,2024-03-01,22746.96,20147.07,12.9,23641.84,-3.8,0.0754
S057,Los Angeles Standard 2,West,Standard,2024,3,2024-03-01,20147.07,20147.07,0.0,23641.84,-14.8,0.0797
S055,Seattle Standard 2,West,Standard,2024,3,2024-03-01,23641.84,20147.07,17.3,23641.84,0.0,0.067
S050,San Francisco Standard,West,Standard,2024,3,2024-03-01,25048.36,20147.07,24.3,23641.84,5.9,0.0664
S053,Denver Standard,West,Standard,2024,3,2024-03-01,25077.22,20147.07,24.5,23641.84,6.1,0.0861
S057,Los Angeles Standard 2,West,Standard,2024,4,2024-04-01,15971.55,18795.79,-15.0,18795.79,-15.0,0.0669
S060,San Diego Standard 2,West,Standard,2024,4,2024-04-01,22880.9,18795.79,21.7,18795.79,21.7,0.0696
S055,Seattle Standard 2,West,Standard,2024,4,2024-04-01,18795.79,18795.79,0.0,18795.79,0.0,0.0607
S050,San Francisco Standard,West,Standard,2024,4,2024-04-01,16356.28,18795.79,-13.0,18795.79,-13.0,0.0805
S053,Denver Standard,West,Standard,2024,4,2024-04-01,24411.99,18795.79,29.9,18795.79,29.9,0.0714
S054,San Diego Standard,West,Standard,2024,4,2024-04-01,22776.79,18795.79,21.2,18795.79,21.2,0.0765
S060,San Diego Standard 2,West,Standard,2024,5,2024-05-01,21202.34,20974.01,1.1,21202.34,0.0,0.0521
S050,San Francisco Standard,West,Standard,2024,5,2024-05-01,22864.48,20974.01,9.0,21202.34,7.8,0.0611
S053,Denver Standard,West,Standard,2024,5,2024-05-01,28348.47,20974.01,35.2,21202.34,33.7,0.0623
S054,San Diego Standard,West,Standard,2024,5,2024-05-01,31819.24,20974.01,51.7,21202.34,50.1,0.0667
S057,Los Angeles Standard 2,West,Standard,2024,5,2024-05-01,21105.64,20974.01,0.6,21202.34,-0.5,0.0768
S055,Seattle Standard 2,West,Standard,2024,5,2024-05-01,20974.01,20974.01,0.0,21202.34,-1.1,0.0523
S054,San Diego Standard,West,Standard,2024,6,2024-06-01,24728.39,19766.54,25.1,22457.15,10.1,0.0901
S053,Denver Standard,West,Standard,2024,6,2024-06-01,24247.69,19766.54,22.7,22457.15,8.0,0.0716
S050,San Francisco Standard,West,Standard,2024,6,2024-06-01,22457.15,19766.54,13.6,22457.15,0.0,0.066
S055,Seattle Standard 2,West,Standard,2024,6,2024-06-01,29267.29,19766.54,48.1,22457.15,30.3,0.0655
S057,Los Angeles Standard 2,West,Standard,2024,6,2024-06-01,18210.86,19766.54,-7.9,22457.15,-18.9,0.0556
S060,San Diego Standard 2,West,Standard,2024,6,2024-06-01,21436.59,19766.54,8.4,22457.15,-4.5,0.0746
S060,San Diego Standard 2,West,Standard,2024,7,2024-07-01,19295.7,19067.08,1.2,20741.34,-7.0,0.0735
S050,San Francisco Standard,West,Standard,2024,7,2024-07-01,19067.08,19067.08,0.0,20741.34,-8.1,0.0574
S054,San Diego Standard,West,Standard,2024,7,2024-07-01,26204.37,19067.08,37.4,20741.34,26.3,0.0565
S057,Los Angeles Standard 2,West,Standard,2024,7,2024-07-01,20741.34,19067.08,8.8,20741.34,0.0,0.0541
S055,Seattle Standard 2,West,Standard,2024,7,2024-07-01,22526.38,19067.08,18.1,20741.34,8.6,0.0631
S053,Denver Standard,West,Standard,2024,7,2024-07-01,27966.78,19067.08,46.7,20741.34,34.8,0.0661
S053,Denver Standard,West,Standard,2024,8,2024-08-01,31063.86,20603.62,50.8,23013.55,35.0,0.0669
S050,San Francisco Standard,West,Standard,2024,8,2024-08-01,20603.62,20603.62,0.0,23013.55,-10.5,0.0746
S060,San Diego Standard 2,West,Standard,2024,8,2024-08-01,28902.08,20603.62,40.3,23013.55,25.6,0.0675
S054,San Diego Standard,West,Standard,2024,8,2024-08-01,30513.39,20603.62,48.1,23013.55,32.6,0.0678
S057,Los Angeles Standard 2,West,Standard,2024,8,2024-08-01,23013.55,20603.62,11.7,23013.55,0.0,0.0701
S055,Seattle Standard 2,West,Standard,2024,8,2024-08-01,18495.74,20603.62,-10.2,23013.55,-19.6,0.0688
S057,Los Angeles Standard 2,West,Standard,2024,9,2024-09-01,22595.87,20748.03,8.9,22595.87,0.0,0.0737
S053,Denver Standard,West,Standard,2024,9,2024-09-01,26797.01,20748.03,29.2,22595.87,18.6,0.0891
S054,San Diego Standard,West,Standard,2024,9,2024-09-01,24860.97,20748.03,19.8,22595.87,10.0,0.0673
S055,Seattle Standard 2,West,Standard,2024,9,2024-09-01,20748.03,20748.03,0.0,22595.87,-8.2,0.0747
S060,San Diego Standard 2,West,Standard,2024,9,2024-09-01,23184.81,20748.03,11.7,22595.87,2.6,0.088
S050,San Francisco Standard,West,Standard,2024,9,2024-09-01,19065.71,20748.03,-8.1,22595.87,-15.6,0.0873
S054,San Diego Standard,West,Standard,2024,10,2024-10-01,27316.81,21962.41,24.4,23934.46,14.1,0.0799
S055,Seattle Standard 2,West,Standard,2024,10,2024-10-01,23934.46,21962.41,9.0,23934.46,0.0,0.058
S060,San Diego Standard 2,West,Standard,2024,10,2024-10-01,25461.2,21962.41,15.9,23934.46,6.4,0.0779
S057,Los Angeles Standard 2,West,Standard,2024,10,2024-10-01,21962.41,21962.41,0.0,23934.46,-8.2,0.0569
S053,Denver Standard,West,Standard,2024,10,2024-10-01,27858.42,21962.41,26.8,23934.46,16.4,0.0648
S050,San Francisco Standard,West,Standard,2024,10,2024-10-01,19956.48,21962.41,-9.1,23934.46,-16.6,0.0519
S053,Denver Standard,West,Standard,2024,11,2024-11-01,35909.71,23973.01,49.8,26994.68,33.0,0.0734
S057,Los Angeles Standard 2,West,Standard,2024,11,2024-11-01,21995.7,23973.01,-8.2,26994.68,-18.5,0.0622
S054,San Diego Standard,West,Standard,2024,11,2024-11-01,34287.74,23973.01,43.0,26994.68,27.0,0.0678
S060,San Diego Standard 2,West,Standard,2024,11,2024-11-01,28248.67,23973.01,17.8,26994.68,4.6,0.0703
S050,San Francisco Standard,West,Standard,2024,11,2024-11-01,24801.42,23973.01,3.5,26994.68,-8.1,0.0632
S055,Seattle Standard 2,West,Standard,2024,11,2024-11-01,26994.68,23973.01,12.6,26994.68,0.0,0.0761
S050,San Francisco Standard,West,Standard,2024,12,2024-12-01,28133.49,27093.72,3.8,31554.79,-10.8,0.0621
S054,San Diego Standard,West,Standard,2024,12,2024-12-01,34979.64,27093.72,29.1,31554.79,10.9,0.0706
S060,San Diego Standard 2,West,Standard,2024,12,2024-12-01,32422.79,27093.72,19.7,31554.79,2.8,0.0687
S055,Seattle Standard 2,West,Standard,2024,12,2024-12-01,31554.79,27093.72,16.5,31554.79,0.0,0.0603
S053,Denver Standard,West,Standard,2024,12,2024-12-01,40704.65,27093.72,50.2,31554.79,29.0,0.0809
S057,Los Angeles Standard 2,West,Standard,2024,12,2024-12-01,23040.85,27093.72,-15.0,31554.79,-27.0,0.0819
S054,San Diego Standard,West,Standard,2025,1,2025-01-01,20340.99,17818.97,14.2,19200.22,5.9,0.0719
S055,Seattle Standard 2,West,Standard,2025,1,2025-01-01,17818.97,17818.97,0.0,19200.22,-7.2,0.0923
S060,San Diego Standard 2,West,Standard,2025,1,2025-01-01,23704.79,17818.97,33.0,19200.22,23.5,0.0511
S053,Denver Standard,West,Standard,2025,1,2025-01-01,27420.85,17818.97,53.9,19200.22,42.8,0.0803
S057,Los Angeles Standard 2,West,Standard,2025,1,2025-01-01,19200.22,17818.97,7.8,19200.22,0.0,0.0875
S050,San Francisco Standard,West,Standard,2025,1,2025-01-01,17288.95,17818.97,-3.0,19200.22,-10.0,0.0736
S054,San Diego Standard,West,Standard,2025,2,2025-02-01,18783.13,15888.62,18.2,16199.83,15.9,0.0613
S050,San Francisco Standard,West,Standard,2025,2,2025-02-01,12727.43,15888.62,-19.9,16199.83,-21.4,0.0712
S060,San Diego Standard 2,West,Standard,2025,2,2025-02-01,18734.05,15888.62,17.9,16199.83,15.6,0.0788
S057,Los Angeles Standard 2,West,Standard,2025,2,2025-02-01,16199.83,15888.62,2.0,16199.83,0.0,0.0669
S055,Seattle Standard 2,West,Standard,2025,2,2025-02-01,14979.02,15888.62,-5.7,16199.83,-7.5,0.0718
S053,Denver Standard,West,Standard,2025,2,2025-02-01,23873.73,15888.62,50.3,16199.83,47.4,0.0616
S054,San Diego Standard,West,Standard,2025,3,2025-03-01,27820.63,19329.43,43.9,24813.15,12.1,0.067
S053,Denver Standard,West,Standard,2025,3,2025-03-01,28785.76,19329.43,48.9,24813.15,16.0,0.084
S050,San Francisco Standard,West,Standard,2025,3,2025-03-01,21073.04,19329.43,9.0,24813.15,-15.1,0.0731
S060,San Diego Standard 2,West,Standard,2025,3,2025-03-01,24813.15,19329.43,28.4,24813.15,0.0,0.0813
S057,Los Angeles Standard 2,West,Standard,2025,3,2025-03-01,18381.95,19329.43,-4.9,24813.15,-25.9,0.0713
S055,Seattle Standard 2,West,Standard,2025,3,2025-03-01,25712.35,19329.43,33.0,24813.15,3.6,0.0868
S057,Los Angeles Standard 2,West,Standard,2025,4,2025-04-01,19348.01,19348.01,0.0,21082.14,-8.2,0.0697
S050,San Francisco Standard,West,Standard,2025,4,2025-04-01,20634.62,19348.01,6.6,21082.14,-2.1,0.0631
S055,Seattle Standard 2,West,Standard,2025,4,2025-04-01,25732.48,19348.01,33.0,21082.14,22.1,0.0804
S060,San Diego Standard 2,West,Standard,2025,4,2025-04-01,21082.14,19348.01,9.0,21082.14,0.0,0.0664
S053,Denver Standard,West,Standard,2025,4,2025-04-01,24246.32,19348.01,25.3,21082.14,15.0,0.087
S054,San Diego Standard,West,Standard,2025,4,2025-04-01,26224.68,19348.01,35.5,21082.14,24.4,0.0654
S053,Denver Standard,West,Standard,2025,5,2025-05-01,30697.77,23379.01,31.3,23577.67,30.2,0.0746
S060,San Diego Standard 2,West,Standard,2025,5,2025-05-01,23577.67,23379.01,0.8,23577.67,0.0,0.0789
S050,San Francisco Standard,West,Standard,2025,5,2025-05-01,22717.63,23379.01,-2.8,23577.67,-3.6,0.0581
S055,Seattle Standard 2,West,Standard,2025,5,2025-05-01,24704.15,23379.01,5.7,23577.67,4.8,0.0681
S054,San Diego Standard,West,Standard,2025,5,2025-05-01,29729.68,23379.01,27.2,23577.67,26.1,0.0822
S057,Los Angeles Standard 2,West,Standard,2025,5,2025-05-01,23379.01,23379.01,0.0,23577.67,-0.8,0.0621
S053,Denver Standard,West,Standard,2025,6,2025-06-01,24476.18,20137.66,21.5,20222.85,21.0,0.0571
S054,San Diego Standard,West,Standard,2025,6,2025-06-01,20222.85,20137.66,0.4,20222.85,0.0,0.0691
S050,San Francisco Standard,West,Standard,2025,6,2025-06-01,18289.61,20137.66,-9.2,20222.85,-9.6,0.0894
S055,Seattle Standard 2,West,Standard,2025,6,2025-06-01,24255.55,20137.66,20.4,20222.85,19.9,0.0798
S057,Los Angeles Standard 2,West,Standard,2025,6,2025-06-01,20137.66,20137.66,0.0,20222.85,-0.4,0.0829
S060,San Diego Standard 2,West,Standard,2025,6,2025-06-01,21612.42,20137.66,7.3,20222.85,6.9,0.0742
S057,Los Angeles Standard 2,West,Standard,2025,7,2025-07-01,18595.7,19827.75,-6.2,23021.11,-19.2,0.0696
S060,San Diego Standard 2,West,Standard,2025,7,2025-07-01,25611.28,19827.75,29.2,23021.11,11.3,0.061
S050,San Francisco Standard,West,Standard,2025,7,2025-07-01,23021.11,19827.75,16.1,23021.11,0.0,0.0641
S053,Denver Standard,West,Standard,2025,7,2025-07-01,23884.82,19827.75,20.5,23021.11,3.8,0.0762
S055,Seattle Standard 2,West,Standard,2025,7,2025-07-01,21312.59,19827.75,7.5,23021.11,-7.4,0.0861
S054,San Diego Standard,West,Standard,2025,7,2025-07-01,28182.91,19827.75,42.1,23021.11,22.4,0.0634
S055,Seattle Standard 2,West,Standard,2025,8,2025-08-01,23508.75,19320.96,21.7,23508.75,0.0,0.0668
S050,San Francisco Standard,West,Standard,2025,8,2025-08-01,23564.54,19320.96,22.0,23508.75,0.2,0.0814
S054,San Diego Standard,West,Standard,2025,8,2025-08-01,20619.5,19320.96,6.7,23508.75,-12.3,0.0879
S060,San Diego Standard 2,West,Standard,2025,8,2025-08-01,24175.23,19320.96,25.1,23508.75,2.8,0.073
S057,Los Angeles Standard 2,West,Standard,2025,8,2025-08-01,19320.96,19320.96,0.0,23508.75,-17.8,0.0727
S053,Denver Standard,West,Standard,2025,8,2025-08-01,31089.49,19320.96,60.9,23508.75,32.2,0.0686
S060,San Diego Standard 2,West,Standard,2025,9,2025-09-01,22522.11,20389.21,10.5,22522.11,0.0,0.0806
S055,Seattle Standard 2,West,Standard,2025,9,2025-09-01,23778.02,20389.21,16.6,22522.11,5.6,0.0646
S054,San Diego Standard,West,Standard,2025,9,2025-09-01,25180.61,20389.21,23.5,22522.11,11.8,0.059
S057,Los Angeles Standard 2,West,Standard,2025,9,2025-09-01,17084.03,20389.21,-16.2,22522.11,-24.1,0.0651
S053,Denver Standard,West,Standard,2025,9,2025-09-01,27248.4,20389.21,33.6,22522.11,21.0,0.0842
S050,San Francisco Standard,West,Standard,2025,9,2025-09-01,20389.21,20389.21,0.0,22522.11,-9.5,0.1026
S053,Denver Standard,West,Standard,2025,10,2025-10-01,31699.18,21724.77,45.9,24642.15,28.6,0.0614
S050,San Francisco Standard,West,Standard,2025,10,2025-10-01,24642.15,21724.77,13.4,24642.15,0.0,0.0775
S055,Seattle Standard 2,West,Standard,2025,10,2025-10-01,20968.83,21724.77,-3.5,24642.15,-14.9,0.0515
S060,San Diego Standard 2,West,Standard,2025,10,2025-10-01,28121.51,21724.77,29.4,24642.15,14.1,0.065
S057,Los Angeles Standard 2,West,Standard,2025,10,2025-10-01,21724.77,21724.77,0.0,24642.15,-11.8,0.0925
S054,San Diego Standard,West,Standard,2025,10,2025-10-01,30350.26,21724.77,39.7,24642.15,23.2,0.0657
S055,Seattle Standard 2,West,Standard,2025,11,2025-11-01,30923.38,25600.06,20.8,28090.77,10.1,0.0818
S053,Denver Standard,West,Standard,2025,11,2025-11-01,39339.33,25600.06,53.7,28090.77,40.0,0.0772
S057,Los Angeles Standard 2,West,Standard,2025,11,2025-11-01,25492.83,25600.06,-0.4,28090.77,-9.2,0.084
S050,San Francisco Standard,West,Standard,2025,11,2025-11-01,23622.61,25600.06,-7.7,28090.77,-15.9,0.0802
S060,San Diego Standard 2,West,Standard,2025,11,2025-11-01,28090.77,25600.06,9.7,28090.77,0.0,0.0862
S054,San Diego Standard,West,Standard,2025,11,2025-11-01,32388.8,25600.06,26.5,28090.77,15.3,0.067
S060,San Diego Standard 2,West,Standard,2025,12,2025-12-01,35705.29,31335.65,13.9,34748.36,2.8,0.0636
S054,San Diego Standard,West,Standard,2025,12,2025-12-01,34748.36,31335.65,10.9,34748.36,0.0,0.0863
S057,Los Angeles Standard 2,West,Standard,2025,12,2025-12-01,31335.65,31335.65,0.0,34748.36,-9.8,0.0702
S055,Seattle Standard 2,West,Standard,2025,12,2025-12-01,34991.21,31335.65,11.7,34748.36,0.7,0.0719
S050,San Francisco Standard,West,Standard,2025,12,2025-12-01,31702.11,31335.65,1.2,34748.36,-8.8,0.0694
S053,Denver Standard,West,Standard,2025,12,2025-12-01,39193.3,31335.65,25.1,34748.36,12.8,0.0638
